date,commod_sub,place,priceF_w_baht_100p,priceF_w_baht_kg,priceF_w_baht_ton,commod_gr,commod
2018-01-05,ข้าวหอมมะลิ,ประเทศ,,12.31,12310.0,พืชไร่,ข้าว
2018-01-05,ข้าวปทุมธานี,ประเทศ,,9.268,9268.0,พืชไร่,ข้าว
2018-01-05,ข้าวเจ้าอื่น,ประเทศ,,8.029390000000001,8029.39,พืชไร่,ข้าว
2018-01-05,ข้าวเหนียว,ประเทศ,,9.092469999999999,9092.47,พืชไร่,ข้าว
2018-01-05,ข้าวโพดเลี้ยงสัตว์,ประเทศ,,8.13,8130.000000000001,พืชไร่,ข้าวโพดเลี้ยงสัตว์
2018-01-05,มันสำปะหลัง,ประเทศ,,1.96,1960.0,พืชไร่,มันสำปะหลัง
2018-01-05,สับปะรดโรงงาน,ประเทศ,,3.03,3030.0,พืชไร่,สับปะรดโรงงาน
2018-01-05,ปาล์มน้ำมัน,ประเทศ,,2.93,2930.0,พืชยืนต้น,ปาล์มน้ำมัน
2018-01-05,มะพร้าว,ประเทศ,1613.83,12.910639999999999,12910.64,พืชยืนต้น,มะพร้าว
2018-01-05,ยางพารา,ประเทศ,,41.96,41960.0,พืชยืนต้น,ยางพารา
2018-01-05,กาแฟ,ประเทศ,,71.0,71000.0,พืชยืนต้น,กาแฟ
2018-01-05,ลำไย,ประเทศ,,28.68,28680.0,ไม้ผล,ลำไย
2018-01-05,หอมแดง,ประเทศ,,20.0,20000.0,พืชผัก,หอมแดง
2018-01-05,สุกร,ประเทศ,,48.21,48210.0,ปศุสัตว์,สุกร
2018-01-05,ไก่เนื้อ,ประเทศ,,38.55,38550.0,ปศุสัตว์,ไก่เนื้อ
2018-01-05,ไข่ไก่,ประเทศ,252.04,2.01632,2016.32,ปศุสัตว์,ไข่ไก่
2018-01-05,กุ้ง,ประเทศ,,174.04,174040.0,ประมง,กุ้ง
2018-01-12,ข้าวหอมมะลิ,ประเทศ,,13.49901,13499.01,พืชไร่,ข้าว
2018-01-12,ข้าวปทุมธานี,ประเทศ,,9.246879999999999,9246.88,พืชไร่,ข้าว
2018-01-12,ข้าวเจ้าอื่น,ประเทศ,,7.71308,7713.08,พืชไร่,ข้าว
2018-01-12,ข้าวเหนียว,ประเทศ,,9.5,9500.0,พืชไร่,ข้าว
2018-01-12,ข้าวโพดเลี้ยงสัตว์,ประเทศ,,7.88,7880.0,พืชไร่,ข้าวโพดเลี้ยงสัตว์
2018-01-12,มันสำปะหลัง,ประเทศ,,1.99,1990.0,พืชไร่,มันสำปะหลัง
2018-01-12,สับปะรดโรงงาน,ประเทศ,,3.15,3150.0,พืชไร่,สับปะรดโรงงาน
2018-01-12,ปาล์มน้ำมัน,ประเทศ,,2.89,2890.0,พืชยืนต้น,ปาล์มน้ำมัน
2018-01-12,มะพร้าว,ประเทศ,1591.79,12.73432,12734.32,พืชยืนต้น,มะพร้าว
2018-01-12,ยางพารา,ประเทศ,,42.76,42760.0,พืชยืนต้น,ยางพารา
2018-01-12,กาแฟ,ประเทศ,,70.0,70000.0,พืชยืนต้น,กาแฟ
2018-01-12,ลำไย,ประเทศ,,29.5,29500.0,ไม้ผล,ลำไย
2018-01-12,หอมแดง,ประเทศ,,15.0,15000.0,พืชผัก,หอมแดง
2018-01-12,สุกร,ประเทศ,,48.43,48430.0,ปศุสัตว์,สุกร
2018-01-12,ไก่เนื้อ,ประเทศ,,38.76,38760.0,ปศุสัตว์,ไก่เนื้อ
2018-01-12,ไข่ไก่,ประเทศ,253.63,2.02904,2029.0400000000002,ปศุสัตว์,ไข่ไก่
2018-01-12,กุ้ง,ประเทศ,,179.61,179610.0,ประมง,กุ้ง
2018-01-19,ข้าวหอมมะลิ,ประเทศ,,13.6746,13674.6,พืชไร่,ข้าว
2018-01-19,ข้าวปทุมธานี,ประเทศ,,9.65331,9653.31,พืชไร่,ข้าว
2018-01-19,ข้าวเจ้าอื่น,ประเทศ,,7.81513,7815.13,พืชไร่,ข้าว
2018-01-19,ข้าวเหนียว,ประเทศ,,9.5,9500.0,พืชไร่,ข้าว
2018-01-19,ข้าวโพดเลี้ยงสัตว์,ประเทศ,,8.03,8029.999999999999,พืชไร่,ข้าวโพดเลี้ยงสัตว์
2018-01-19,มันสำปะหลัง,ประเทศ,,2.04,2040.0,พืชไร่,มันสำปะหลัง
2018-01-19,สับปะรดโรงงาน,ประเทศ,,3.43,3430.0,พืชไร่,สับปะรดโรงงาน
2018-01-19,ปาล์มน้ำมัน,ประเทศ,,2.98,2980.0,พืชยืนต้น,ปาล์มน้ำมัน
2018-01-19,มะพร้าว,ประเทศ,1590.2,12.7216,12721.6,พืชยืนต้น,มะพร้าว
2018-01-19,ยางพารา,ประเทศ,,43.59,43590.0,พืชยืนต้น,ยางพารา
2018-01-19,กาแฟ,ประเทศ,,72.3,72300.0,พืชยืนต้น,กาแฟ
2018-01-19,ลำไย,ประเทศ,,29.5,29500.0,ไม้ผล,ลำไย
2018-01-19,หอมแดง,ประเทศ,,13.0,13000.0,พืชผัก,หอมแดง
2018-01-19,สุกร,ประเทศ,,48.0,48000.0,ปศุสัตว์,สุกร
2018-01-19,ไก่เนื้อ,ประเทศ,,38.47,38470.0,ปศุสัตว์,ไก่เนื้อ
2018-01-19,ไข่ไก่,ประเทศ,255.22,2.04176,2041.76,ปศุสัตว์,ไข่ไก่
2018-01-19,กุ้ง,ประเทศ,,177.24,177240.0,ประมง,กุ้ง
2018-01-26,ข้าวหอมมะลิ,ประเทศ,,13.95199,13951.99,พืชไร่,ข้าว
2018-01-26,ข้าวปทุมธานี,ประเทศ,,10.458,10458.0,พืชไร่,ข้าว
2018-01-26,ข้าวเจ้าอื่น,ประเทศ,,7.66,7660.0,พืชไร่,ข้าว
2018-01-26,ข้าวเหนียว,ประเทศ,,9.5,9500.0,พืชไร่,ข้าว
2018-01-26,ข้าวโพดเลี้ยงสัตว์,ประเทศ,,8.22,8220.0,พืชไร่,ข้าวโพดเลี้ยงสัตว์
2018-01-26,มันสำปะหลัง,ประเทศ,,2.06,2060.0,พืชไร่,มันสำปะหลัง
2018-01-26,สับปะรดโรงงาน,ประเทศ,,3.68,3680.0,พืชไร่,สับปะรดโรงงาน
2018-01-26,ปาล์มน้ำมัน,ประเทศ,,2.99,2990.0,พืชยืนต้น,ปาล์มน้ำมัน
2018-01-26,มะพร้าว,ประเทศ,1525.78,12.20624,12206.24,พืชยืนต้น,มะพร้าว
2018-01-26,ยางพารา,ประเทศ,,43.01,43010.0,พืชยืนต้น,ยางพารา
2018-01-26,กาแฟ,ประเทศ,,70.5,70500.0,พืชยืนต้น,กาแฟ
2018-01-26,ลำไย,ประเทศ,,29.5,29500.0,ไม้ผล,ลำไย
2018-01-26,หอมแดง,ประเทศ,,13.0,13000.0,พืชผัก,หอมแดง
2018-01-26,สุกร,ประเทศ,,48.26,48260.0,ปศุสัตว์,สุกร
2018-01-26,ไก่เนื้อ,ประเทศ,,38.56,38560.0,ปศุสัตว์,ไก่เนื้อ
2018-01-26,ไข่ไก่,ประเทศ,255.32,2.04256,2042.56,ปศุสัตว์,ไข่ไก่
2018-01-26,กุ้ง,ประเทศ,,178.63,178630.0,ประมง,กุ้ง
2018-02-02,ข้าวหอมมะลิ,ประเทศ,,14.102649999999999,14102.65,พืชไร่,ข้าว
2018-02-02,ข้าวปทุมธานี,ประเทศ,,10.48767,10487.67,พืชไร่,ข้าว
2018-02-02,ข้าวเจ้าอื่น,ประเทศ,,7.673520000000001,7673.52,พืชไร่,ข้าว
2018-02-02,ข้าวเหนียว,ประเทศ,,9.5,9500.0,พืชไร่,ข้าว
2018-02-02,ข้าวโพดเลี้ยงสัตว์,ประเทศ,,8.24,8240.0,พืชไร่,ข้าวโพดเลี้ยงสัตว์
2018-02-02,มันสำปะหลัง,ประเทศ,,2.07,2070.0,พืชไร่,มันสำปะหลัง
2018-02-02,สับปะรดโรงงาน,ประเทศ,,3.96,3960.0,พืชไร่,สับปะรดโรงงาน
2018-02-02,ปาล์มน้ำมัน,ประเทศ,,3.17,3170.0,พืชยืนต้น,ปาล์มน้ำมัน
2018-02-02,มะพร้าว,ประเทศ,1523.02,12.18416,12184.16,พืชยืนต้น,มะพร้าว
2018-02-02,ยางพารา,ประเทศ,,42.33,42330.0,พืชยืนต้น,ยางพารา
2018-02-02,กาแฟ,ประเทศ,,72.04,72040.0,พืชยืนต้น,กาแฟ
2018-02-02,ลำไย,ประเทศ,,29.5,29500.0,ไม้ผล,ลำไย
2018-02-02,หอมแดง,ประเทศ,,10.5,10500.0,พืชผัก,หอมแดง
2018-02-02,สุกร,ประเทศ,,48.36,48360.0,ปศุสัตว์,สุกร
2018-02-02,ไก่เนื้อ,ประเทศ,,38.53,38530.0,ปศุสัตว์,ไก่เนื้อ
2018-02-02,ไข่ไก่,ประเทศ,261.7,2.0936,2093.6,ปศุสัตว์,ไข่ไก่
2018-02-02,กุ้ง,ประเทศ,,182.88,182880.0,ประมง,กุ้ง
2018-02-02,กระเทียม,ประเทศ,,96.31299999999999,96312.99999999999,พืชผัก,กระเทียม
2018-02-09,ข้าวหอมมะลิ,ประเทศ,,14.35389,14353.89,พืชไร่,ข้าว
2018-02-09,ข้าวปทุมธานี,ประเทศ,,11.0431,11043.1,พืชไร่,ข้าว
2018-02-09,ข้าวเจ้าอื่น,ประเทศ,,7.708699999999999,7708.7,พืชไร่,ข้าว
2018-02-09,ข้าวเหนียว,ประเทศ,,9.83526,9835.26,พืชไร่,ข้าว
2018-02-09,ข้าวโพดเลี้ยงสัตว์,ประเทศ,,8.24,8240.0,พืชไร่,ข้าวโพดเลี้ยงสัตว์
2018-02-09,มันสำปะหลัง,ประเทศ,,2.08,2080.0,พืชไร่,มันสำปะหลัง
2018-02-09,สับปะรดโรงงาน,ประเทศ,,4.33,4330.0,พืชไร่,สับปะรดโรงงาน
2018-02-09,ปาล์มน้ำมัน,ประเทศ,,3.46,3460.0,พืชยืนต้น,ปาล์มน้ำมัน
2018-02-09,มะพร้าว,ประเทศ,1585.61,12.68488,12684.88,พืชยืนต้น,มะพร้าว
2018-02-09,ยางพารา,ประเทศ,,41.84,41840.0,พืชยืนต้น,ยางพารา
2018-02-09,กาแฟ,ประเทศ,,72.06,72060.0,พืชยืนต้น,กาแฟ
2018-02-09,ลำไย,ประเทศ,,29.5,29500.0,ไม้ผล,ลำไย
2018-02-09,หอมแดง,ประเทศ,,13.33,13330.0,พืชผัก,หอมแดง
2018-02-09,สุกร,ประเทศ,,48.39,48390.0,ปศุสัตว์,สุกร
2018-02-09,ไก่เนื้อ,ประเทศ,,38.7,38700.0,ปศุสัตว์,ไก่เนื้อ
2018-02-09,ไข่ไก่,ประเทศ,263.76,2.11008,2110.08,ปศุสัตว์,ไข่ไก่
2018-02-09,กุ้ง,ประเทศ,,184.95,184950.0,ประมง,กุ้ง
2018-02-09,กระเทียม,ประเทศ,,96.31299999999999,96312.99999999999,พืชผัก,กระเทียม
2018-02-16,ข้าวหอมมะลิ,ประเทศ,,14.57156,14571.56,พืชไร่,ข้าว
2018-02-16,ข้าวปทุมธานี,ประเทศ,,10.83441,10834.41,พืชไร่,ข้าว
2018-02-16,ข้าวเจ้าอื่น,ประเทศ,,7.51533,7515.33,พืชไร่,ข้าว
2018-02-16,ข้าวเหนียว,ประเทศ,,9.88358,9883.58,พืชไร่,ข้าว
2018-02-16,ข้าวโพดเลี้ยงสัตว์,ประเทศ,,8.24,8240.0,พืชไร่,ข้าวโพดเลี้ยงสัตว์
2018-02-16,มันสำปะหลัง,ประเทศ,,2.15,2150.0,พืชไร่,มันสำปะหลัง
2018-02-16,สับปะรดโรงงาน,ประเทศ,,4.34,4340.0,พืชไร่,สับปะรดโรงงาน
2018-02-16,ปาล์มน้ำมัน,ประเทศ,,3.6,3600.0,พืชยืนต้น,ปาล์มน้ำมัน
2018-02-16,มะพร้าว,ประเทศ,1565.76,12.52608,12526.08,พืชยืนต้น,มะพร้าว
2018-02-16,ยางพารา,ประเทศ,,41.49,41490.0,พืชยืนต้น,ยางพารา
2018-02-16,กาแฟ,ประเทศ,,69.53,69530.0,พืชยืนต้น,กาแฟ
2018-02-16,ลำไย,ประเทศ,,29.5,29500.0,ไม้ผล,ลำไย
2018-02-16,หอมแดง,ประเทศ,,12.3,12300.0,พืชผัก,หอมแดง
2018-02-16,สุกร,ประเทศ,,48.1,48100.0,ปศุสัตว์,สุกร
2018-02-16,ไก่เนื้อ,ประเทศ,,38.48,38480.0,ปศุสัตว์,ไก่เนื้อ
2018-02-16,ไข่ไก่,ประเทศ,263.59,2.10872,2108.72,ปศุสัตว์,ไข่ไก่
2018-02-16,กุ้ง,ประเทศ,,184.95,184950.0,ประมง,กุ้ง
2018-02-16,กระเทียม,ประเทศ,,96.31299999999999,96312.99999999999,พืชผัก,กระเทียม
2018-02-23,ข้าวหอมมะลิ,ประเทศ,,14.87175,14871.75,พืชไร่,ข้าว
2018-02-23,ข้าวปทุมธานี,ประเทศ,,10.64283,10642.83,พืชไร่,ข้าว
2018-02-23,ข้าวเจ้าอื่น,ประเทศ,,7.54012,7540.12,พืชไร่,ข้าว
2018-02-23,ข้าวเหนียว,ประเทศ,,9.950209999999998,9950.21,พืชไร่,ข้าว
2018-02-23,ข้าวโพดเลี้ยงสัตว์,ประเทศ,,8.24,8240.0,พืชไร่,ข้าวโพดเลี้ยงสัตว์
2018-02-23,มันสำปะหลัง,ประเทศ,,2.18,2180.0,พืชไร่,มันสำปะหลัง
2018-02-23,สับปะรดโรงงาน,ประเทศ,,4.39,4390.0,พืชไร่,สับปะรดโรงงาน
2018-02-23,ปาล์มน้ำมัน,ประเทศ,,3.53,3530.0,พืชยืนต้น,ปาล์มน้ำมัน
2018-02-23,มะพร้าว,ประเทศ,1541.7,12.3336,12333.6,พืชยืนต้น,มะพร้าว
2018-02-23,ยางพารา,ประเทศ,,42.43,42430.0,พืชยืนต้น,ยางพารา
2018-02-23,กาแฟ,ประเทศ,,69.53,69530.0,พืชยืนต้น,กาแฟ
2018-02-23,ลำไย,ประเทศ,,23.04,23040.0,ไม้ผล,ลำไย
2018-02-23,หอมแดง,ประเทศ,,12.0,12000.0,พืชผัก,หอมแดง
2018-02-23,สุกร,ประเทศ,,46.77,46770.0,ปศุสัตว์,สุกร
2018-02-23,ไก่เนื้อ,ประเทศ,,33.87,33870.0,ปศุสัตว์,ไก่เนื้อ
2018-02-23,ไข่ไก่,ประเทศ,262.84,2.1027199999999997,2102.72,ปศุสัตว์,ไข่ไก่
2018-02-23,กุ้ง,ประเทศ,,182.32,182320.0,ประมง,กุ้ง
2018-02-23,กระเทียม,ประเทศ,,96.31,96310.0,พืชผัก,กระเทียม
2018-03-02,ข้าวหอมมะลิ,ประเทศ,,14.943200000000001,14943.2,พืชไร่,ข้าว
2018-03-02,ข้าวปทุมธานี,ประเทศ,,11.59253,11592.53,พืชไร่,ข้าว
2018-03-02,ข้าวเจ้าอื่น,ประเทศ,,7.487,7487.0,พืชไร่,ข้าว
2018-03-02,ข้าวเหนียว,ประเทศ,,9.80088,9800.88,พืชไร่,ข้าว
2018-03-02,ข้าวโพดเลี้ยงสัตว์,ประเทศ,,8.24,8240.0,พืชไร่,ข้าวโพดเลี้ยงสัตว์
2018-03-02,มันสำปะหลัง,ประเทศ,,2.24,2240.0,พืชไร่,มันสำปะหลัง
2018-03-02,สับปะรดโรงงาน,ประเทศ,,4.24,4240.0,พืชไร่,สับปะรดโรงงาน
2018-03-02,ปาล์มน้ำมัน,ประเทศ,,3.37,3370.0,พืชยืนต้น,ปาล์มน้ำมัน
2018-03-02,มะพร้าว,ประเทศ,1456.48,11.65184,11651.84,พืชยืนต้น,มะพร้าว
2018-03-02,ยางพารา,ประเทศ,,44.87,44870.0,พืชยืนต้น,ยางพารา
2018-03-02,กาแฟ,ประเทศ,,69.06,69060.0,พืชยืนต้น,กาแฟ
2018-03-02,ลำไย,ประเทศ,,24.5,24500.0,ไม้ผล,ลำไย
2018-03-02,หอมแดง,ประเทศ,,12.0,12000.0,พืชผัก,หอมแดง
2018-03-02,สุกร,ประเทศ,,45.72,45720.0,ปศุสัตว์,สุกร
2018-03-02,ไก่เนื้อ,ประเทศ,,33.57,33570.0,ปศุสัตว์,ไก่เนื้อ
2018-03-02,ไข่ไก่,ประเทศ,263.55,2.1084,2108.4,ปศุสัตว์,ไข่ไก่
2018-03-02,กุ้ง,ประเทศ,,187.44,187440.0,ประมง,กุ้ง
2018-03-02,กระเทียม,ประเทศ,,96.31,96310.0,พืชผัก,กระเทียม
2018-03-09,ข้าวหอมมะลิ,ประเทศ,,15.11421,15114.21,พืชไร่,ข้าว
2018-03-09,ข้าวปทุมธานี,ประเทศ,,12.34563,12345.63,พืชไร่,ข้าว
2018-03-09,ข้าวเจ้าอื่น,ประเทศ,,7.67263,7672.63,พืชไร่,ข้าว
2018-03-09,ข้าวเหนียว,ประเทศ,,9.72019,9720.19,พืชไร่,ข้าว
2018-03-09,ข้าวโพดเลี้ยงสัตว์,ประเทศ,,8.27,8270.0,พืชไร่,ข้าวโพดเลี้ยงสัตว์
2018-03-09,มันสำปะหลัง,ประเทศ,,2.29,2290.0,พืชไร่,มันสำปะหลัง
2018-03-09,สับปะรดโรงงาน,ประเทศ,,4.02,4019.9999999999995,พืชไร่,สับปะรดโรงงาน
2018-03-09,ปาล์มน้ำมัน,ประเทศ,,3.05,3050.0,พืชยืนต้น,ปาล์มน้ำมัน
2018-03-09,มะพร้าว,ประเทศ,1397.7,11.1816,11181.6,พืชยืนต้น,มะพร้าว
2018-03-09,ยางพารา,ประเทศ,,44.52,44520.0,พืชยืนต้น,ยางพารา
2018-03-09,กาแฟ,ประเทศ,,68.0,68000.0,พืชยืนต้น,กาแฟ
2018-03-09,ลำไย,ประเทศ,,24.5,24500.0,ไม้ผล,ลำไย
2018-03-09,หอมแดง,ประเทศ,,12.0,12000.0,พืชผัก,หอมแดง
2018-03-09,สุกร,ประเทศ,,45.52,45520.0,ปศุสัตว์,สุกร
2018-03-09,ไก่เนื้อ,ประเทศ,,33.54,33540.0,ปศุสัตว์,ไก่เนื้อ
2018-03-09,ไข่ไก่,ประเทศ,256.46,2.0516799999999997,2051.68,ปศุสัตว์,ไข่ไก่
2018-03-09,กุ้ง,ประเทศ,,190.28,190280.0,ประมง,กุ้ง
2018-03-09,กระเทียม,ประเทศ,,96.31,96310.0,พืชผัก,กระเทียม
2018-03-16,ข้าวหอมมะลิ,ประเทศ,,15.16826,15168.26,พืชไร่,ข้าว
2018-03-16,ข้าวปทุมธานี,ประเทศ,,12.15135,12151.35,พืชไร่,ข้าว
2018-03-16,ข้าวเจ้าอื่น,ประเทศ,,7.614979999999999,7614.98,พืชไร่,ข้าว
2018-03-16,ข้าวเหนียว,ประเทศ,,9.57006,9570.06,พืชไร่,ข้าว
2018-03-16,ข้าวโพดเลี้ยงสัตว์,ประเทศ,,8.27,8270.0,พืชไร่,ข้าวโพดเลี้ยงสัตว์
2018-03-16,มันสำปะหลัง,ประเทศ,,2.4,2400.0,พืชไร่,มันสำปะหลัง
2018-03-16,สับปะรดโรงงาน,ประเทศ,,3.75,3750.0,พืชไร่,สับปะรดโรงงาน
2018-03-16,ปาล์มน้ำมัน,ประเทศ,,2.69,2690.0,พืชยืนต้น,ปาล์มน้ำมัน
2018-03-16,มะพร้าว,ประเทศ,1352.44,10.81952,10819.52,พืชยืนต้น,มะพร้าว
2018-03-16,ยางพารา,ประเทศ,,44.5,44500.0,พืชยืนต้น,ยางพารา
2018-03-16,กาแฟ,ประเทศ,,68.0,68000.0,พืชยืนต้น,กาแฟ
2018-03-16,ลำไย,ประเทศ,,26.17,26170.0,ไม้ผล,ลำไย
2018-03-16,สุกร,ประเทศ,,45.64,45640.0,ปศุสัตว์,สุกร
2018-03-16,ไก่เนื้อ,ประเทศ,,33.51,33510.0,ปศุสัตว์,ไก่เนื้อ
2018-03-16,ไข่ไก่,ประเทศ,257.07,2.05656,2056.56,ปศุสัตว์,ไข่ไก่
2018-03-16,กุ้ง,ประเทศ,,188.52,188520.0,ประมง,กุ้ง
2018-03-23,ข้าวหอมมะลิ,ประเทศ,,15.10884,15108.84,พืชไร่,ข้าว
2018-03-23,ข้าวปทุมธานี,ประเทศ,,11.74415,11744.15,พืชไร่,ข้าว
2018-03-23,ข้าวเจ้าอื่น,ประเทศ,,7.67911,7679.11,พืชไร่,ข้าว
2018-03-23,ข้าวเหนียว,ประเทศ,,9.46806,9468.06,พืชไร่,ข้าว
2018-03-23,ข้าวโพดเลี้ยงสัตว์,ประเทศ,,8.35,8350.0,พืชไร่,ข้าวโพดเลี้ยงสัตว์
2018-03-23,มันสำปะหลัง,ประเทศ,,2.42,2420.0,พืชไร่,มันสำปะหลัง
2018-03-23,สับปะรดโรงงาน,ประเทศ,,3.5,3500.0,พืชไร่,สับปะรดโรงงาน
2018-03-23,ปาล์มน้ำมัน,ประเทศ,,2.72,2720.0,พืชยืนต้น,ปาล์มน้ำมัน
2018-03-23,มะพร้าว,ประเทศ,1327.24,10.61792,10617.92,พืชยืนต้น,มะพร้าว
2018-03-23,ยางพารา,ประเทศ,,43.78,43780.0,พืชยืนต้น,ยางพารา
2018-03-23,กาแฟ,ประเทศ,,68.0,68000.0,พืชยืนต้น,กาแฟ
2018-03-23,ลำไย,ประเทศ,,26.17,26170.0,ไม้ผล,ลำไย
2018-03-23,สุกร,ประเทศ,,47.1,47100.0,ปศุสัตว์,สุกร
2018-03-23,ไก่เนื้อ,ประเทศ,,34.02,34020.0,ปศุสัตว์,ไก่เนื้อ
2018-03-23,ไข่ไก่,ประเทศ,253.94,2.03152,2031.52,ปศุสัตว์,ไข่ไก่
2018-03-23,กุ้ง,ประเทศ,,174.32,174320.0,ประมง,กุ้ง
2018-03-30,ข้าวหอมมะลิ,ประเทศ,,15.196629999999999,15196.63,พืชไร่,ข้าว
2018-03-30,ข้าวปทุมธานี,ประเทศ,,11.697389999999999,11697.39,พืชไร่,ข้าว
2018-03-30,ข้าวเจ้าอื่น,ประเทศ,,7.72363,7723.63,พืชไร่,ข้าว
2018-03-30,ข้าวเหนียว,ประเทศ,,9.28345,9283.45,พืชไร่,ข้าว
2018-03-30,ข้าวโพดเลี้ยงสัตว์,ประเทศ,,8.36,8360.0,พืชไร่,ข้าวโพดเลี้ยงสัตว์
2018-03-30,มันสำปะหลัง,ประเทศ,,2.45,2450.0,พืชไร่,มันสำปะหลัง
2018-03-30,สับปะรดโรงงาน,ประเทศ,,3.28,3280.0,พืชไร่,สับปะรดโรงงาน
2018-03-30,ปาล์มน้ำมัน,ประเทศ,,2.76,2760.0,พืชยืนต้น,ปาล์มน้ำมัน
2018-03-30,มะพร้าว,ประเทศ,1242.96,9.94368,9943.68,พืชยืนต้น,มะพร้าว
2018-03-30,ยางพารา,ประเทศ,,42.57,42570.0,พืชยืนต้น,ยางพารา
2018-03-30,กาแฟ,ประเทศ,,68.0,68000.0,พืชยืนต้น,กาแฟ
2018-03-30,ลำไย,ประเทศ,,26.17,26170.0,ไม้ผล,ลำไย
2018-03-30,สุกร,ประเทศ,,48.75,48750.0,ปศุสัตว์,สุกร
2018-03-30,ไก่เนื้อ,ประเทศ,,34.05,34050.0,ปศุสัตว์,ไก่เนื้อ
2018-03-30,ไข่ไก่,ประเทศ,252.17,2.01736,2017.3600000000001,ปศุสัตว์,ไข่ไก่
2018-03-30,กุ้ง,ประเทศ,,174.5,174500.0,ประมง,กุ้ง
2018-03-30,ทุเรียน,ประเทศ,,120.0,120000.0,ไม้ผล,ทุเรียน
2018-03-30,มังคุด,ประเทศ,,143.09,143090.0,ไม้ผล,มังคุด
2018-04-06,ข้าวหอมมะลิ,ประเทศ,,15.15547,15155.47,พืชไร่,ข้าว
2018-04-06,ข้าวปทุมธานี,ประเทศ,,11.746379999999998,11746.38,พืชไร่,ข้าว
2018-04-06,ข้าวเจ้าอื่น,ประเทศ,,7.737010000000001,7737.01,พืชไร่,ข้าว
2018-04-06,ข้าวเหนียว,ประเทศ,,9.20271,9202.71,พืชไร่,ข้าว
2018-04-06,ข้าวโพดเลี้ยงสัตว์,ประเทศ,,8.3,8300.0,พืชไร่,ข้าวโพดเลี้ยงสัตว์
2018-04-06,มันสำปะหลัง,ประเทศ,,2.49,2490.0,พืชไร่,มันสำปะหลัง
2018-04-06,สับปะรดโรงงาน,ประเทศ,,3.22,3220.0,พืชไร่,สับปะรดโรงงาน
2018-04-06,ปาล์มน้ำมัน,ประเทศ,,2.74,2740.0,พืชยืนต้น,ปาล์มน้ำมัน
2018-04-06,มะพร้าว,ประเทศ,1199.2,9.5936,9593.6,พืชยืนต้น,มะพร้าว
2018-04-06,ยางพารา,ประเทศ,,42.57,42570.0,พืชยืนต้น,ยางพารา
2018-04-06,ลำไย,ประเทศ,,26.17,26170.0,ไม้ผล,ลำไย
2018-04-06,สุกร,ประเทศ,,50.38,50380.0,ปศุสัตว์,สุกร
2018-04-06,ไก่เนื้อ,ประเทศ,,38.2,38200.0,ปศุสัตว์,ไก่เนื้อ
2018-04-06,ไข่ไก่,ประเทศ,251.46,2.01168,2011.68,ปศุสัตว์,ไข่ไก่
2018-04-06,กุ้ง,ประเทศ,,153.92,153920.0,ประมง,กุ้ง
2018-04-06,ทุเรียน,ประเทศ,,100.0,100000.0,ไม้ผล,ทุเรียน
2018-04-06,มังคุด,ประเทศ,,118.29,118290.0,ไม้ผล,มังคุด
2018-04-20,ข้าวหอมมะลิ,ประเทศ,,15.22926,15229.26,พืชไร่,ข้าว
2018-04-20,ข้าวปทุมธานี,ประเทศ,,12.058729999999999,12058.73,พืชไร่,ข้าว
2018-04-20,ข้าวเจ้าอื่น,ประเทศ,,7.839270000000001,7839.27,พืชไร่,ข้าว
2018-04-20,ข้าวเหนียว,ประเทศ,,9.17595,9175.95,พืชไร่,ข้าว
2018-04-20,ข้าวโพดเลี้ยงสัตว์,ประเทศ,,8.72,8720.0,พืชไร่,ข้าวโพดเลี้ยงสัตว์
2018-04-20,มันสำปะหลัง,ประเทศ,,2.52,2520.0,พืชไร่,มันสำปะหลัง
2018-04-20,สับปะรดโรงงาน,ประเทศ,,2.95,2950.0,พืชไร่,สับปะรดโรงงาน
2018-04-20,ปาล์มน้ำมัน,ประเทศ,,2.83,2830.0,พืชยืนต้น,ปาล์มน้ำมัน
2018-04-20,มะพร้าว,ประเทศ,1165.69,9.325520000000001,9325.52,พืชยืนต้น,มะพร้าว
2018-04-20,ยางพารา,ประเทศ,,43.16,43160.0,พืชยืนต้น,ยางพารา
2018-04-20,ลำไย,ประเทศ,,26.05,26050.0,ไม้ผล,ลำไย
2018-04-20,สุกร,ประเทศ,,55.8,55800.0,ปศุสัตว์,สุกร
2018-04-20,ไก่เนื้อ,ประเทศ,,38.2,38200.0,ปศุสัตว์,ไก่เนื้อ
2018-04-20,ไข่ไก่,ประเทศ,266.73,2.13384,2133.84,ปศุสัตว์,ไข่ไก่
2018-04-20,กุ้ง,ประเทศ,,143.44,143440.0,ประมง,กุ้ง
2018-04-20,ทุเรียน,ประเทศ,,60.0,60000.0,ไม้ผล,ทุเรียน
2018-04-20,มังคุด,ประเทศ,,99.35,99350.0,ไม้ผล,มังคุด
2018-04-20,เงาะ,ประเทศ,,36.65,36650.0,ไม้ผล,เงาะ
2018-04-27,ข้าวหอมมะลิ,ประเทศ,,15.322,15322.0,พืชไร่,ข้าว
2018-04-27,ข้าวปทุมธานี,ประเทศ,,12.00153,12001.53,พืชไร่,ข้าว
2018-04-27,ข้าวเจ้าอื่น,ประเทศ,,7.93649,7936.49,พืชไร่,ข้าว
2018-04-27,ข้าวเหนียว,ประเทศ,,9.11618,9116.18,พืชไร่,ข้าว
2018-04-27,ข้าวโพดเลี้ยงสัตว์,ประเทศ,,8.42,8420.0,พืชไร่,ข้าวโพดเลี้ยงสัตว์
2018-04-27,มันสำปะหลัง,ประเทศ,,2.52,2520.0,พืชไร่,มันสำปะหลัง
2018-04-27,สับปะรดโรงงาน,ประเทศ,,2.63,2630.0,พืชไร่,สับปะรดโรงงาน
2018-04-27,ปาล์มน้ำมัน,ประเทศ,,2.86,2860.0,พืชยืนต้น,ปาล์มน้ำมัน
2018-04-27,มะพร้าว,ประเทศ,1077.09,8.616719999999999,8616.72,พืชยืนต้น,มะพร้าว
2018-04-27,ยางพารา,ประเทศ,,43.92,43920.0,พืชยืนต้น,ยางพารา
2018-04-27,ลำไย,ประเทศ,,24.95,24950.0,ไม้ผล,ลำไย
2018-04-27,สุกร,ประเทศ,,57.02,57020.0,ปศุสัตว์,สุกร
2018-04-27,ไก่เนื้อ,ประเทศ,,40.15,40150.0,ปศุสัตว์,ไก่เนื้อ
2018-04-27,ไข่ไก่,ประเทศ,276.04,2.20832,2208.32,ปศุสัตว์,ไข่ไก่
2018-04-27,กุ้ง,ประเทศ,,137.27,137270.0,ประมง,กุ้ง
2018-04-27,ทุเรียน,ประเทศ,,60.37,60370.0,ไม้ผล,ทุเรียน
2018-04-27,มังคุด,ประเทศ,,124.56,124560.0,ไม้ผล,มังคุด
2018-04-27,เงาะ,ประเทศ,,38.64,38640.0,ไม้ผล,เงาะ
2018-06-01,ข้าวหอมมะลิ,ประเทศ,,15.73626,15736.26,พืชไร่,ข้าว
2018-06-01,ข้าวปทุมธานี,ประเทศ,,12.75488,12754.88,พืชไร่,ข้าว
2018-06-01,ข้าวเจ้าอื่น,ประเทศ,,8.176,8176.0,พืชไร่,ข้าว
2018-06-01,ข้าวเหนียว,ประเทศ,,9.70782,9707.82,พืชไร่,ข้าว
2018-06-01,ข้าวโพดเลี้ยงสัตว์,ประเทศ,,8.43,8430.0,พืชไร่,ข้าวโพดเลี้ยงสัตว์
2018-06-01,มันสำปะหลัง,ประเทศ,,2.53,2530.0,พืชไร่,มันสำปะหลัง
2018-06-01,สับปะรดโรงงาน,ประเทศ,,2.04,2040.0,พืชไร่,สับปะรดโรงงาน
2018-06-01,ปาล์มน้ำมัน,ประเทศ,,3.9,3900.0,พืชยืนต้น,ปาล์มน้ำมัน
2018-06-01,มะพร้าว,ประเทศ,786.53,6.29224,6292.24,พืชยืนต้น,มะพร้าว
2018-06-01,ยางพารา,ประเทศ,,46.68,46680.0,พืชยืนต้น,ยางพารา
2018-06-01,ลำไย,ประเทศ,,27.14,27140.0,ไม้ผล,ลำไย
2018-06-01,สุกร,ประเทศ,,56.54,56540.0,ปศุสัตว์,สุกร
2018-06-01,ไก่เนื้อ,ประเทศ,,37.99,37990.0,ปศุสัตว์,ไก่เนื้อ
2018-06-01,ไข่ไก่,ประเทศ,276.72,2.21376,2213.76,ปศุสัตว์,ไข่ไก่
2018-06-01,กุ้ง,ประเทศ,,129.45,129449.99999999999,ประมง,กุ้ง
2018-06-01,กระเทียม,ประเทศ,,31.79,31790.0,พืชผัก,กระเทียม
2018-06-01,ทุเรียน,ประเทศ,,83.33,83330.0,ไม้ผล,ทุเรียน
2018-06-01,มังคุด,ประเทศ,,39.14,39140.0,ไม้ผล,มังคุด
2018-06-01,เงาะ,ประเทศ,,16.95,16950.0,ไม้ผล,เงาะ
2018-06-01,ลองกอง,ประเทศ,,35.0,35000.0,ไม้ผล,ลองกอง
2018-06-08,ข้าวหอมมะลิ,ประเทศ,,15.843950000000001,15843.95,พืชไร่,ข้าว
2018-06-08,ข้าวปทุมธานี,ประเทศ,,12.25478,12254.78,พืชไร่,ข้าว
2018-06-08,ข้าวเจ้าอื่น,ประเทศ,,8.03531,8035.31,พืชไร่,ข้าว
2018-06-08,ข้าวเหนียว,ประเทศ,,9.739,9739.0,พืชไร่,ข้าว
2018-06-08,ข้าวโพดเลี้ยงสัตว์,ประเทศ,,8.93,8930.0,พืชไร่,ข้าวโพดเลี้ยงสัตว์
2018-06-08,มันสำปะหลัง,ประเทศ,,2.53,2530.0,พืชไร่,มันสำปะหลัง
2018-06-08,สับปะรดโรงงาน,ประเทศ,,1.78,1780.0,พืชไร่,สับปะรดโรงงาน
2018-06-08,ปาล์มน้ำมัน,ประเทศ,,4.02,4019.9999999999995,พืชยืนต้น,ปาล์มน้ำมัน
2018-06-08,มะพร้าว,ประเทศ,741.88,5.93504,5935.04,พืชยืนต้น,มะพร้าว
2018-06-08,ยางพารา,ประเทศ,,43.99,43990.0,พืชยืนต้น,ยางพารา
2018-06-08,ลำไย,ประเทศ,,27.74,27740.0,ไม้ผล,ลำไย
2018-06-08,สุกร,ประเทศ,,56.96,56960.0,ปศุสัตว์,สุกร
2018-06-08,ไก่เนื้อ,ประเทศ,,37.73,37730.0,ปศุสัตว์,ไก่เนื้อ
2018-06-08,ไข่ไก่,ประเทศ,277.8,2.2224,2222.4,ปศุสัตว์,ไข่ไก่
2018-06-08,กุ้ง,ประเทศ,,137.63,137630.0,ประมง,กุ้ง
2018-06-08,กระเทียม,ประเทศ,,32.63,32630.000000000004,พืชผัก,กระเทียม
2018-06-08,ทุเรียน,ประเทศ,,83.06,83060.0,ไม้ผล,ทุเรียน
2018-06-08,มังคุด,ประเทศ,,38.28,38280.0,ไม้ผล,มังคุด
2018-06-08,เงาะ,ประเทศ,,15.4,15400.0,ไม้ผล,เงาะ
2018-06-08,ลองกอง,ประเทศ,,40.0,40000.0,ไม้ผล,ลองกอง
2018-06-15,ข้าวหอมมะลิ,ประเทศ,,15.87389,15873.89,พืชไร่,ข้าว
2018-06-15,ข้าวปทุมธานี,ประเทศ,,12.13677,12136.77,พืชไร่,ข้าว
2018-06-15,ข้าวเจ้าอื่น,ประเทศ,,7.9814099999999994,7981.41,พืชไร่,ข้าว
2018-06-15,ข้าวเหนียว,ประเทศ,,9.694469999999999,9694.47,พืชไร่,ข้าว
2018-06-15,ข้าวโพดเลี้ยงสัตว์,ประเทศ,,8.68,8680.0,พืชไร่,ข้าวโพดเลี้ยงสัตว์
2018-06-15,มันสำปะหลัง,ประเทศ,,2.47,2470.0,พืชไร่,มันสำปะหลัง
2018-06-15,สับปะรดโรงงาน,ประเทศ,,1.69,1690.0,พืชไร่,สับปะรดโรงงาน
2018-06-15,ปาล์มน้ำมัน,ประเทศ,,4.13,4130.0,พืชยืนต้น,ปาล์มน้ำมัน
2018-06-15,มะพร้าว,ประเทศ,722.66,5.78128,5781.28,พืชยืนต้น,มะพร้าว
2018-06-15,ยางพารา,ประเทศ,,42.65,42650.0,พืชยืนต้น,ยางพารา
2018-06-15,ลำไย,ประเทศ,,27.97,27970.0,ไม้ผล,ลำไย
2018-06-15,สุกร,ประเทศ,,56.62,56620.0,ปศุสัตว์,สุกร
2018-06-15,ไก่เนื้อ,ประเทศ,,37.72,37720.0,ปศุสัตว์,ไก่เนื้อ
2018-06-15,ไข่ไก่,ประเทศ,278.39,2.2271199999999998,2227.12,ปศุสัตว์,ไข่ไก่
2018-06-15,กุ้ง,ประเทศ,,141.96,141960.0,ประมง,กุ้ง
2018-06-15,กระเทียม,ประเทศ,,33.65,33650.0,พืชผัก,กระเทียม
2018-06-15,ทุเรียน,ประเทศ,,73.8,73800.0,ไม้ผล,ทุเรียน
2018-06-15,มังคุด,ประเทศ,,49.16,49160.0,ไม้ผล,มังคุด
2018-06-15,เงาะ,ประเทศ,,16.32,16320.0,ไม้ผล,เงาะ
2018-06-22,ข้าวหอมมะลิ,ประเทศ,,15.92826,15928.26,พืชไร่,ข้าว
2018-06-22,ข้าวปทุมธานี,ประเทศ,,11.81372,11813.72,พืชไร่,ข้าว
2018-06-22,ข้าวเจ้าอื่น,ประเทศ,,7.8982399999999995,7898.24,พืชไร่,ข้าว
2018-06-22,ข้าวเหนียว,ประเทศ,,9.43159,9431.59,พืชไร่,ข้าว
2018-06-22,ข้าวโพดเลี้ยงสัตว์,ประเทศ,,8.69,8690.0,พืชไร่,ข้าวโพดเลี้ยงสัตว์
2018-06-22,มันสำปะหลัง,ประเทศ,,2.44,2440.0,พืชไร่,มันสำปะหลัง
2018-06-22,สับปะรดโรงงาน,ประเทศ,,1.6,1600.0,พืชไร่,สับปะรดโรงงาน
2018-06-22,ปาล์มน้ำมัน,ประเทศ,,4.04,4040.0,พืชยืนต้น,ปาล์มน้ำมัน
2018-06-22,มะพร้าว,ประเทศ,726.99,5.81592,5815.92,พืชยืนต้น,มะพร้าว
2018-06-22,ยางพารา,ประเทศ,,41.99,41990.0,พืชยืนต้น,ยางพารา
2018-06-22,ลำไย,ประเทศ,,27.21,27210.0,ไม้ผล,ลำไย
2018-06-22,สุกร,ประเทศ,,56.96,56960.0,ปศุสัตว์,สุกร
2018-06-22,ไก่เนื้อ,ประเทศ,,37.47,37470.0,ปศุสัตว์,ไก่เนื้อ
2018-06-22,ไข่ไก่,ประเทศ,279.76,2.23808,2238.08,ปศุสัตว์,ไข่ไก่
2018-06-22,กุ้ง,ประเทศ,,144.83,144830.0,ประมง,กุ้ง
2018-06-22,กระเทียม,ประเทศ,,34.77,34770.0,พืชผัก,กระเทียม
2018-06-22,ทุเรียน,ประเทศ,,71.41,71410.0,ไม้ผล,ทุเรียน
2018-06-22,มังคุด,ประเทศ,,47.98,47980.0,ไม้ผล,มังคุด
2018-06-22,เงาะ,ประเทศ,,17.3,17300.0,ไม้ผล,เงาะ
2018-06-29,ข้าวหอมมะลิ,ประเทศ,,16.05258,16052.58,พืชไร่,ข้าว
2018-06-29,ข้าวปทุมธานี,ประเทศ,,11.13664,11136.64,พืชไร่,ข้าว
2018-06-29,ข้าวเจ้าอื่น,ประเทศ,,7.80244,7802.44,พืชไร่,ข้าว
2018-06-29,ข้าวเหนียว,ประเทศ,,9.682879999999999,9682.88,พืชไร่,ข้าว
2018-06-29,ข้าวโพดเลี้ยงสัตว์,ประเทศ,,8.44,8440.0,พืชไร่,ข้าวโพดเลี้ยงสัตว์
2018-06-29,มันสำปะหลัง,ประเทศ,,2.39,2390.0,พืชไร่,มันสำปะหลัง
2018-06-29,สับปะรดโรงงาน,ประเทศ,,1.64,1640.0,พืชไร่,สับปะรดโรงงาน
2018-06-29,ปาล์มน้ำมัน,ประเทศ,,3.9,3900.0,พืชยืนต้น,ปาล์มน้ำมัน
2018-06-29,มะพร้าว,ประเทศ,725.2,5.8016000000000005,5801.6,พืชยืนต้น,มะพร้าว
2018-06-29,ยางพารา,ประเทศ,,42.1,42100.0,พืชยืนต้น,ยางพารา
2018-06-29,ลำไย,ประเทศ,,27.21,27210.0,ไม้ผล,ลำไย
2018-06-29,สุกร,ประเทศ,,57.23,57230.0,ปศุสัตว์,สุกร
2018-06-29,ไก่เนื้อ,ประเทศ,,36.22,36220.0,ปศุสัตว์,ไก่เนื้อ
2018-06-29,ไข่ไก่,ประเทศ,278.37,2.22696,2226.96,ปศุสัตว์,ไข่ไก่
2018-06-29,กุ้ง,ประเทศ,,148.31,148310.0,ประมง,กุ้ง
2018-06-29,กระเทียม,ประเทศ,,34.77,34770.0,พืชผัก,กระเทียม
2018-06-29,ทุเรียน,ประเทศ,,80.54,80540.0,ไม้ผล,ทุเรียน
2018-06-29,มังคุด,ประเทศ,,78.21,78210.0,ไม้ผล,มังคุด
2018-06-29,เงาะ,ประเทศ,,21.09,21090.0,ไม้ผล,เงาะ
2018-06-29,ลองกอง,ประเทศ,,33.0,33000.0,ไม้ผล,ลองกอง
2018-07-06,ข้าวหอมมะลิ,ประเทศ,,16.026,16026.0,พืชไร่,ข้าว
2018-07-06,ข้าวปทุมธานี,ประเทศ,,10.57132,10571.32,พืชไร่,ข้าว
2018-07-06,ข้าวเจ้าอื่น,ประเทศ,,7.723949999999999,7723.95,พืชไร่,ข้าว
2018-07-06,ข้าวเหนียว,ประเทศ,,9.61947,9619.47,พืชไร่,ข้าว
2018-07-06,ข้าวโพดเลี้ยงสัตว์,ประเทศ,,8.26,8260.0,พืชไร่,ข้าวโพดเลี้ยงสัตว์
2018-07-06,มันสำปะหลัง,ประเทศ,,2.37,2370.0,พืชไร่,มันสำปะหลัง
2018-07-06,สับปะรดโรงงาน,ประเทศ,,1.82,1820.0,พืชไร่,สับปะรดโรงงาน
2018-07-06,ปาล์มน้ำมัน,ประเทศ,,3.67,3670.0,พืชยืนต้น,ปาล์มน้ำมัน
2018-07-06,มะพร้าว,ประเทศ,695.98,5.56784,5567.84,พืชยืนต้น,มะพร้าว
2018-07-06,ยางพารา,ประเทศ,,41.61,41610.0,พืชยืนต้น,ยางพารา
2018-07-06,ลำไย,ประเทศ,,26.99,26990.0,ไม้ผล,ลำไย
2018-07-06,สุกร,ประเทศ,,57.54,57540.0,ปศุสัตว์,สุกร
2018-07-06,ไก่เนื้อ,ประเทศ,,36.16,36160.0,ปศุสัตว์,ไก่เนื้อ
2018-07-06,ไข่ไก่,ประเทศ,278.65,2.2291999999999996,2229.2,ปศุสัตว์,ไข่ไก่
2018-07-06,กุ้ง,ประเทศ,,156.19,156190.0,ประมง,กุ้ง
2018-07-06,กระเทียม,ประเทศ,,35.51,35510.0,พืชผัก,กระเทียม
2018-07-06,ทุเรียน,ประเทศ,,89.84,89840.0,ไม้ผล,ทุเรียน
2018-07-06,มังคุด,ประเทศ,,56.81,56810.0,ไม้ผล,มังคุด
2018-07-06,เงาะ,ประเทศ,,27.87,27870.0,ไม้ผล,เงาะ
2018-07-06,ลองกอง,ประเทศ,,30.0,30000.0,ไม้ผล,ลองกอง
2018-07-13,ข้าวหอมมะลิ,ประเทศ,,15.98705,15987.05,พืชไร่,ข้าว
2018-07-13,ข้าวปทุมธานี,ประเทศ,,9.4901,9490.1,พืชไร่,ข้าว
2018-07-13,ข้าวเจ้าอื่น,ประเทศ,,7.57597,7575.97,พืชไร่,ข้าว
2018-07-13,ข้าวเหนียว,ประเทศ,,9.549940000000001,9549.94,พืชไร่,ข้าว
2018-07-13,ข้าวโพดเลี้ยงสัตว์,ประเทศ,,7.17,7170.0,พืชไร่,ข้าวโพดเลี้ยงสัตว์
2018-07-13,มันสำปะหลัง,ประเทศ,,2.35,2350.0,พืชไร่,มันสำปะหลัง
2018-07-13,สับปะรดโรงงาน,ประเทศ,,1.96,1960.0,พืชไร่,สับปะรดโรงงาน
2018-07-13,ปาล์มน้ำมัน,ประเทศ,,3.81,3810.0,พืชยืนต้น,ปาล์มน้ำมัน
2018-07-13,มะพร้าว,ประเทศ,607.75,4.862,4862.0,พืชยืนต้น,มะพร้าว
2018-07-13,ยางพารา,ประเทศ,,41.66,41660.0,พืชยืนต้น,ยางพารา
2018-07-13,ลำไย,ประเทศ,,25.77,25770.0,ไม้ผล,ลำไย
2018-07-13,สุกร,ประเทศ,,57.56,57560.0,ปศุสัตว์,สุกร
2018-07-13,ไก่เนื้อ,ประเทศ,,35.39,35390.0,ปศุสัตว์,ไก่เนื้อ
2018-07-13,ไข่ไก่,ประเทศ,278.6,2.2288,2228.8,ปศุสัตว์,ไข่ไก่
2018-07-13,กุ้ง,ประเทศ,,163.64,163640.0,ประมง,กุ้ง
2018-07-13,กระเทียม,ประเทศ,,36.25,36250.0,พืชผัก,กระเทียม
2018-07-13,ทุเรียน,ประเทศ,,83.33,83330.0,ไม้ผล,ทุเรียน
2018-07-13,มังคุด,ประเทศ,,24.99,24990.0,ไม้ผล,มังคุด
2018-07-13,เงาะ,ประเทศ,,30.21,30210.0,ไม้ผล,เงาะ
2018-07-13,ลองกอง,ประเทศ,,28.0,28000.0,ไม้ผล,ลองกอง
2018-07-20,ข้าวหอมมะลิ,ประเทศ,,15.99805,15998.05,พืชไร่,ข้าว
2018-07-20,ข้าวปทุมธานี,ประเทศ,,9.18335,9183.35,พืชไร่,ข้าว
2018-07-20,ข้าวเจ้าอื่น,ประเทศ,,7.42201,7422.01,พืชไร่,ข้าว
2018-07-20,ข้าวเหนียว,ประเทศ,,9.28173,9281.73,พืชไร่,ข้าว
2018-07-20,ข้าวโพดเลี้ยงสัตว์,ประเทศ,,6.68,6680.0,พืชไร่,ข้าวโพดเลี้ยงสัตว์
2018-07-20,มันสำปะหลัง,ประเทศ,,2.34,2340.0,พืชไร่,มันสำปะหลัง
2018-07-20,สับปะรดโรงงาน,ประเทศ,,2.13,2130.0,พืชไร่,สับปะรดโรงงาน
2018-07-20,ปาล์มน้ำมัน,ประเทศ,,3.62,3620.0,พืชยืนต้น,ปาล์มน้ำมัน
2018-07-20,มะพร้าว,ประเทศ,582.43,4.65944,4659.44,พืชยืนต้น,มะพร้าว
2018-07-20,ยางพารา,ประเทศ,,41.18,41180.0,พืชยืนต้น,ยางพารา
2018-07-20,ลำไย,ประเทศ,,25.77,25770.0,ไม้ผล,ลำไย
2018-07-20,สุกร,ประเทศ,,57.72,57720.0,ปศุสัตว์,สุกร
2018-07-20,ไก่เนื้อ,ประเทศ,,36.08,36080.0,ปศุสัตว์,ไก่เนื้อ
2018-07-20,ไข่ไก่,ประเทศ,279.75,2.238,2238.0,ปศุสัตว์,ไข่ไก่
2018-07-20,กุ้ง,ประเทศ,,158.28,158280.0,ประมง,กุ้ง
2018-07-20,กระเทียม,ประเทศ,,36.25,36250.0,พืชผัก,กระเทียม
2018-07-20,ทุเรียน,ประเทศ,,71.17,71170.0,ไม้ผล,ทุเรียน
2018-07-20,มังคุด,ประเทศ,,19.07,19070.0,ไม้ผล,มังคุด
2018-07-20,เงาะ,ประเทศ,,30.76,30760.0,ไม้ผล,เงาะ
2018-07-20,ลองกอง,ประเทศ,,25.0,25000.0,ไม้ผล,ลองกอง
2018-07-27,ข้าวหอมมะลิ,ประเทศ,,15.952,15952.0,พืชไร่,ข้าว
2018-07-27,ข้าวปทุมธานี,ประเทศ,,9.33858,9338.58,พืชไร่,ข้าว
2018-07-27,ข้าวเจ้าอื่น,ประเทศ,,7.44033,7440.33,พืชไร่,ข้าว
2018-07-27,ข้าวเหนียว,ประเทศ,,9.208680000000001,9208.68,พืชไร่,ข้าว
2018-07-27,ข้าวโพดเลี้ยงสัตว์,ประเทศ,,6.59,6590.0,พืชไร่,ข้าวโพดเลี้ยงสัตว์
2018-07-27,มันสำปะหลัง,ประเทศ,,2.47,2470.0,พืชไร่,มันสำปะหลัง
2018-07-27,สับปะรดโรงงาน,ประเทศ,,2.44,2440.0,พืชไร่,สับปะรดโรงงาน
2018-07-27,ปาล์มน้ำมัน,ประเทศ,,3.24,3240.0,พืชยืนต้น,ปาล์มน้ำมัน
2018-07-27,มะพร้าว,ประเทศ,581.81,4.6544799999999995,4654.48,พืชยืนต้น,มะพร้าว
2018-07-27,ยางพารา,ประเทศ,,41.33,41330.0,พืชยืนต้น,ยางพารา
2018-07-27,ลำไย,ประเทศ,,25.5,25500.0,ไม้ผล,ลำไย
2018-07-27,สุกร,ประเทศ,,57.34,57340.0,ปศุสัตว์,สุกร
2018-07-27,ไก่เนื้อ,ประเทศ,,36.24,36240.0,ปศุสัตว์,ไก่เนื้อ
2018-07-27,ไข่ไก่,ประเทศ,280.26,2.24208,2242.08,ปศุสัตว์,ไข่ไก่
2018-07-27,กุ้ง,ประเทศ,,154.68,154680.0,ประมง,กุ้ง
2018-07-27,กระเทียม,ประเทศ,,37.37,37370.0,พืชผัก,กระเทียม
2018-07-27,ทุเรียน,ประเทศ,,61.35,61350.0,ไม้ผล,ทุเรียน
2018-07-27,มังคุด,ประเทศ,,20.77,20770.0,ไม้ผล,มังคุด
2018-07-27,เงาะ,ประเทศ,,26.85,26850.0,ไม้ผล,เงาะ
2018-07-27,ลองกอง,ประเทศ,,22.91,22910.0,ไม้ผล,ลองกอง
2018-08-03,ข้าวหอมมะลิ,ประเทศ,,15.99874,15998.74,พืชไร่,ข้าว
2018-08-03,ข้าวปทุมธานี,ประเทศ,,9.30248,9302.48,พืชไร่,ข้าว
2018-08-03,ข้าวเจ้าอื่น,ประเทศ,,7.50741,7507.41,พืชไร่,ข้าว
2018-08-03,ข้าวเหนียว,ประเทศ,,9.197370000000001,9197.37,พืชไร่,ข้าว
2018-08-03,ข้าวโพดเลี้ยงสัตว์,ประเทศ,,7.05,7050.0,พืชไร่,ข้าวโพดเลี้ยงสัตว์
2018-08-03,มันสำปะหลัง,ประเทศ,,2.35,2350.0,พืชไร่,มันสำปะหลัง
2018-08-03,สับปะรดโรงงาน,ประเทศ,,2.44,2440.0,พืชไร่,สับปะรดโรงงาน
2018-08-03,ปาล์มน้ำมัน,ประเทศ,,3.14,3140.0,พืชยืนต้น,ปาล์มน้ำมัน
2018-08-03,มะพร้าว,ประเทศ,533.93,4.271439999999999,4271.44,พืชยืนต้น,มะพร้าว
2018-08-03,ยางพารา,ประเทศ,,41.02,41020.0,พืชยืนต้น,ยางพารา
2018-08-03,ลำไย,ประเทศ,,25.7,25700.0,ไม้ผล,ลำไย
2018-08-03,สุกร,ประเทศ,,58.36,58360.0,ปศุสัตว์,สุกร
2018-08-03,ไก่เนื้อ,ประเทศ,,36.83,36830.0,ปศุสัตว์,ไก่เนื้อ
2018-08-03,ไข่ไก่,ประเทศ,279.53,2.2362399999999996,2236.24,ปศุสัตว์,ไข่ไก่
2018-08-03,กุ้ง,ประเทศ,,156.7,156700.0,ประมง,กุ้ง
2018-08-03,กระเทียม,ประเทศ,,38.48,38480.0,พืชผัก,กระเทียม
2018-08-03,ทุเรียน,ประเทศ,,61.54,61540.0,ไม้ผล,ทุเรียน
2018-08-03,มังคุด,ประเทศ,,18.6,18600.0,ไม้ผล,มังคุด
2018-08-03,เงาะ,ประเทศ,,26.83,26830.0,ไม้ผล,เงาะ
2018-08-03,ลองกอง,ประเทศ,,20.4,20400.0,ไม้ผล,ลองกอง
2018-08-10,ข้าวหอมมะลิ,ประเทศ,,15.190809999999999,15190.81,พืชไร่,ข้าว
2018-08-10,ข้าวปทุมธานี,ประเทศ,,9.55405,9554.05,พืชไร่,ข้าว
2018-08-10,ข้าวเจ้าอื่น,ประเทศ,,7.53272,7532.72,พืชไร่,ข้าว
2018-08-10,ข้าวเหนียว,ประเทศ,,8.6125,8612.5,พืชไร่,ข้าว
2018-08-10,ข้าวโพดเลี้ยงสัตว์,ประเทศ,,6.84,6840.0,พืชไร่,ข้าวโพดเลี้ยงสัตว์
2018-08-10,มันสำปะหลัง,ประเทศ,,2.34,2340.0,พืชไร่,มันสำปะหลัง
2018-08-10,สับปะรดโรงงาน,ประเทศ,,2.53,2530.0,พืชไร่,สับปะรดโรงงาน
2018-08-10,ปาล์มน้ำมัน,ประเทศ,,3.18,3180.0,พืชยืนต้น,ปาล์มน้ำมัน
2018-08-10,มะพร้าว,ประเทศ,507.8,4.0624,4062.4,พืชยืนต้น,มะพร้าว
2018-08-10,ยางพารา,ประเทศ,,41.09,41090.0,พืชยืนต้น,ยางพารา
2018-08-10,ลำไย,ประเทศ,,23.72,23720.0,ไม้ผล,ลำไย
2018-08-10,สุกร,ประเทศ,,58.59,58590.0,ปศุสัตว์,สุกร
2018-08-10,ไก่เนื้อ,ประเทศ,,36.18,36180.0,ปศุสัตว์,ไก่เนื้อ
2018-08-10,ไข่ไก่,ประเทศ,279.21,2.2336799999999997,2233.68,ปศุสัตว์,ไข่ไก่
2018-08-10,กุ้ง,ประเทศ,,155.16,155160.0,ประมง,กุ้ง
2018-08-10,กระเทียม,ประเทศ,,38.48,38480.0,พืชผัก,กระเทียม
2018-08-10,ทุเรียน,ประเทศ,,59.09,59090.0,ไม้ผล,ทุเรียน
2018-08-10,มังคุด,ประเทศ,,16.35,16350.000000000002,ไม้ผล,มังคุด
2018-08-10,เงาะ,ประเทศ,,12.54,12540.0,ไม้ผล,เงาะ
2018-08-10,ลองกอง,ประเทศ,,19.84,19840.0,ไม้ผล,ลองกอง
2018-08-17,ข้าวหอมมะลิ,ประเทศ,,15.182360000000001,15182.36,พืชไร่,ข้าว
2018-08-17,ข้าวปทุมธานี,ประเทศ,,9.88389,9883.89,พืชไร่,ข้าว
2018-08-17,ข้าวเจ้าอื่น,ประเทศ,,7.47822,7478.22,พืชไร่,ข้าว
2018-08-17,ข้าวเหนียว,ประเทศ,,9.0,9000.0,พืชไร่,ข้าว
2018-08-17,ข้าวโพดเลี้ยงสัตว์,ประเทศ,,6.95,6950.0,พืชไร่,ข้าวโพดเลี้ยงสัตว์
2018-08-17,มันสำปะหลัง,ประเทศ,,2.36,2360.0,พืชไร่,มันสำปะหลัง
2018-08-17,สับปะรดโรงงาน,ประเทศ,,2.2,2200.0,พืชไร่,สับปะรดโรงงาน
2018-08-17,ปาล์มน้ำมัน,ประเทศ,,3.22,3220.0,พืชยืนต้น,ปาล์มน้ำมัน
2018-08-17,มะพร้าว,ประเทศ,514.59,4.11672,4116.72,พืชยืนต้น,มะพร้าว
2018-08-17,ยางพารา,ประเทศ,,41.05,41050.0,พืชยืนต้น,ยางพารา
2018-08-17,ลำไย,ประเทศ,,23.72,23720.0,ไม้ผล,ลำไย
2018-08-17,สุกร,ประเทศ,,59.59,59590.0,ปศุสัตว์,สุกร
2018-08-17,ไก่เนื้อ,ประเทศ,,36.04,36040.0,ปศุสัตว์,ไก่เนื้อ
2018-08-17,ไข่ไก่,ประเทศ,281.33,2.2506399999999998,2250.64,ปศุสัตว์,ไข่ไก่
2018-08-17,กุ้ง,ประเทศ,,155.19,155190.0,ประมง,กุ้ง
2018-08-17,กระเทียม,ประเทศ,,39.04,39040.0,พืชผัก,กระเทียม
2018-08-17,ทุเรียน,ประเทศ,,59.34,59340.0,ไม้ผล,ทุเรียน
2018-08-17,มังคุด,ประเทศ,,16.04,16040.0,ไม้ผล,มังคุด
2018-08-17,เงาะ,ประเทศ,,12.47,12470.0,ไม้ผล,เงาะ
2018-08-17,ลองกอง,ประเทศ,,19.67,19670.0,ไม้ผล,ลองกอง
2018-08-24,ข้าวหอมมะลิ,ประเทศ,,15.18985,15189.85,พืชไร่,ข้าว
2018-08-24,ข้าวปทุมธานี,ประเทศ,,9.91112,9911.12,พืชไร่,ข้าว
2018-08-24,ข้าวเจ้าอื่น,ประเทศ,,7.444520000000001,7444.52,พืชไร่,ข้าว
2018-08-24,ข้าวเหนียว,ประเทศ,,9.0,9000.0,พืชไร่,ข้าว
2018-08-24,ข้าวโพดเลี้ยงสัตว์,ประเทศ,,6.56,6560.0,พืชไร่,ข้าวโพดเลี้ยงสัตว์
2018-08-24,มันสำปะหลัง,ประเทศ,,2.39,2390.0,พืชไร่,มันสำปะหลัง
2018-08-24,สับปะรดโรงงาน,ประเทศ,,2.23,2230.0,พืชไร่,สับปะรดโรงงาน
2018-08-24,ปาล์มน้ำมัน,ประเทศ,,3.24,3240.0,พืชยืนต้น,ปาล์มน้ำมัน
2018-08-24,มะพร้าว,ประเทศ,539.61,4.31688,4316.88,พืชยืนต้น,มะพร้าว
2018-08-24,ยางพารา,ประเทศ,,41.25,41250.0,พืชยืนต้น,ยางพารา
2018-08-24,ลำไย,ประเทศ,,23.96,23960.0,ไม้ผล,ลำไย
2018-08-24,สุกร,ประเทศ,,60.64,60640.0,ปศุสัตว์,สุกร
2018-08-24,ไก่เนื้อ,ประเทศ,,36.29,36290.0,ปศุสัตว์,ไก่เนื้อ
2018-08-24,ไข่ไก่,ประเทศ,281.22,2.24976,2249.76,ปศุสัตว์,ไข่ไก่
2018-08-24,กุ้ง,ประเทศ,,153.41,153410.0,ประมง,กุ้ง
2018-08-24,กระเทียม,ประเทศ,,40.16,40160.0,พืชผัก,กระเทียม
2018-08-24,ทุเรียน,ประเทศ,,62.68,62680.0,ไม้ผล,ทุเรียน
2018-08-24,มังคุด,ประเทศ,,15.85,15850.0,ไม้ผล,มังคุด
2018-08-24,เงาะ,ประเทศ,,11.58,11580.0,ไม้ผล,เงาะ
2018-08-24,ลองกอง,ประเทศ,,14.83,14830.0,ไม้ผล,ลองกอง
2018-08-31,ข้าวหอมมะลิ,ประเทศ,,15.18628,15186.28,พืชไร่,ข้าว
2018-08-31,ข้าวปทุมธานี,ประเทศ,,9.8933,9893.3,พืชไร่,ข้าว
2018-08-31,ข้าวเจ้าอื่น,ประเทศ,,7.500100000000001,7500.1,พืชไร่,ข้าว
2018-08-31,ข้าวเหนียว,ประเทศ,,9.0,9000.0,พืชไร่,ข้าว
2018-08-31,ข้าวโพดเลี้ยงสัตว์,ประเทศ,,6.45,6450.0,พืชไร่,ข้าวโพดเลี้ยงสัตว์
2018-08-31,มันสำปะหลัง,ประเทศ,,2.44,2440.0,พืชไร่,มันสำปะหลัง
2018-08-31,สับปะรดโรงงาน,ประเทศ,,2.18,2180.0,พืชไร่,สับปะรดโรงงาน
2018-08-31,ปาล์มน้ำมัน,ประเทศ,,3.13,3130.0,พืชยืนต้น,ปาล์มน้ำมัน
2018-08-31,มะพร้าว,ประเทศ,512.46,4.09968,4099.68,พืชยืนต้น,มะพร้าว
2018-08-31,ยางพารา,ประเทศ,,41.6,41600.0,พืชยืนต้น,ยางพารา
2018-08-31,ลำไย,ประเทศ,,24.5,24500.0,ไม้ผล,ลำไย
2018-08-31,สุกร,ประเทศ,,60.06,60060.0,ปศุสัตว์,สุกร
2018-08-31,ไก่เนื้อ,ประเทศ,,36.36,36360.0,ปศุสัตว์,ไก่เนื้อ
2018-08-31,ไข่ไก่,ประเทศ,281.34,2.25072,2250.72,ปศุสัตว์,ไข่ไก่
2018-08-31,กุ้ง,ประเทศ,,148.03,148030.0,ประมง,กุ้ง
2018-08-31,กระเทียม,ประเทศ,,41.83,41830.0,พืชผัก,กระเทียม
2018-08-31,ทุเรียน,ประเทศ,,69.95,69950.0,ไม้ผล,ทุเรียน
2018-08-31,มังคุด,ประเทศ,,24.9,24900.0,ไม้ผล,มังคุด
2018-08-31,เงาะ,ประเทศ,,11.21,11210.0,ไม้ผล,เงาะ
2018-08-31,ลองกอง,ประเทศ,,14.61,14610.0,ไม้ผล,ลองกอง
2018-09-07,ข้าวหอมมะลิ,ประเทศ,,15.2426,15242.6,พืชไร่,ข้าว
2018-09-07,ข้าวปทุมธานี,ประเทศ,,9.91154,9911.54,พืชไร่,ข้าว
2018-09-07,ข้าวเจ้าอื่น,ประเทศ,,7.490279999999999,7490.28,พืชไร่,ข้าว
2018-09-07,ข้าวเหนียว,ประเทศ,,9.0,9000.0,พืชไร่,ข้าว
2018-09-07,ข้าวโพดเลี้ยงสัตว์,ประเทศ,,6.44,6440.0,พืชไร่,ข้าวโพดเลี้ยงสัตว์
2018-09-07,มันสำปะหลัง,ประเทศ,,2.45,2450.0,พืชไร่,มันสำปะหลัง
2018-09-07,สับปะรดโรงงาน,ประเทศ,,2.86,2860.0,พืชไร่,สับปะรดโรงงาน
2018-09-07,ปาล์มน้ำมัน,ประเทศ,,3.12,3120.0,พืชยืนต้น,ปาล์มน้ำมัน
2018-09-07,มะพร้าว,ประเทศ,466.99,3.73592,3735.92,พืชยืนต้น,มะพร้าว
2018-09-07,ยางพารา,ประเทศ,,41.0,41000.0,พืชยืนต้น,ยางพารา
2018-09-07,ลำไย,ประเทศ,,25.5,25500.0,ไม้ผล,ลำไย
2018-09-07,สุกร,ประเทศ,,60.26,60260.0,ปศุสัตว์,สุกร
2018-09-07,ไก่เนื้อ,ประเทศ,,36.3,36300.0,ปศุสัตว์,ไก่เนื้อ
2018-09-07,ไข่ไก่,ประเทศ,281.59,2.2527199999999996,2252.72,ปศุสัตว์,ไข่ไก่
2018-09-07,กุ้ง,ประเทศ,,147.04,147040.0,ประมง,กุ้ง
2018-09-07,กระเทียม,ประเทศ,,41.83,41830.0,พืชผัก,กระเทียม
2018-09-07,ทุเรียน,ประเทศ,,76.08,76080.0,ไม้ผล,ทุเรียน
2018-09-07,มังคุด,ประเทศ,,12.35,12350.0,ไม้ผล,มังคุด
2018-09-07,เงาะ,ประเทศ,,11.81,11810.0,ไม้ผล,เงาะ
2018-09-07,ลองกอง,ประเทศ,,14.24,14240.0,ไม้ผล,ลองกอง
2018-09-14,ข้าวหอมมะลิ,ประเทศ,,15.268,15268.0,พืชไร่,ข้าว
2018-09-14,ข้าวปทุมธานี,ประเทศ,,9.39877,9398.77,พืชไร่,ข้าว
2018-09-14,ข้าวเจ้าอื่น,ประเทศ,,7.556,7556.0,พืชไร่,ข้าว
2018-09-14,ข้าวเหนียว,ประเทศ,,8.915379999999999,8915.38,พืชไร่,ข้าว
2018-09-14,ข้าวโพดเลี้ยงสัตว์,ประเทศ,,6.6,6600.0,พืชไร่,ข้าวโพดเลี้ยงสัตว์
2018-09-14,มันสำปะหลัง,ประเทศ,,2.43,2430.0,พืชไร่,มันสำปะหลัง
2018-09-14,สับปะรดโรงงาน,ประเทศ,,2.98,2980.0,พืชไร่,สับปะรดโรงงาน
2018-09-14,ปาล์มน้ำมัน,ประเทศ,,3.06,3060.0,พืชยืนต้น,ปาล์มน้ำมัน
2018-09-14,มะพร้าว,ประเทศ,463.8,3.7104,3710.4,พืชยืนต้น,มะพร้าว
2018-09-14,ยางพารา,ประเทศ,,40.63,40630.0,พืชยืนต้น,ยางพารา
2018-09-14,ลำไย,ประเทศ,,27.63,27630.0,ไม้ผล,ลำไย
2018-09-14,สุกร,ประเทศ,,60.62,60620.0,ปศุสัตว์,สุกร
2018-09-14,ไก่เนื้อ,ประเทศ,,36.21,36210.0,ปศุสัตว์,ไก่เนื้อ
2018-09-14,ไข่ไก่,ประเทศ,281.76,2.25408,2254.08,ปศุสัตว์,ไข่ไก่
2018-09-14,กุ้ง,ประเทศ,,141.8,141800.0,ประมง,กุ้ง
2018-09-14,กระเทียม,ประเทศ,,42.95,42950.0,พืชผัก,กระเทียม
2018-09-14,ทุเรียน,ประเทศ,,90.0,90000.0,ไม้ผล,ทุเรียน
2018-09-14,เงาะ,ประเทศ,,14.65,14650.0,ไม้ผล,เงาะ
2018-09-14,ลองกอง,ประเทศ,,14.01,14010.0,ไม้ผล,ลองกอง
2018-09-21,ข้าวหอมมะลิ,ประเทศ,,15.16081,15160.81,พืชไร่,ข้าว
2018-09-21,ข้าวปทุมธานี,ประเทศ,,10.05634,10056.34,พืชไร่,ข้าว
2018-09-21,ข้าวเจ้าอื่น,ประเทศ,,7.55029,7550.29,พืชไร่,ข้าว
2018-09-21,ข้าวเหนียว,ประเทศ,,8.915379999999999,8915.38,พืชไร่,ข้าว
2018-09-21,ข้าวโพดเลี้ยงสัตว์,ประเทศ,,6.53,6530.0,พืชไร่,ข้าวโพดเลี้ยงสัตว์
2018-09-21,มันสำปะหลัง,ประเทศ,,2.51,2510.0,พืชไร่,มันสำปะหลัง
2018-09-21,สับปะรดโรงงาน,ประเทศ,,3.2,3200.0,พืชไร่,สับปะรดโรงงาน
2018-09-21,ปาล์มน้ำมัน,ประเทศ,,3.01,3010.0,พืชยืนต้น,ปาล์มน้ำมัน
2018-09-21,มะพร้าว,ประเทศ,478.39,3.82712,3827.12,พืชยืนต้น,มะพร้าว
2018-09-21,ยางพารา,ประเทศ,,40.22,40220.0,พืชยืนต้น,ยางพารา
2018-09-21,ลำไย,ประเทศ,,27.63,27630.0,ไม้ผล,ลำไย
2018-09-21,สุกร,ประเทศ,,60.0,60000.0,ปศุสัตว์,สุกร
2018-09-21,ไก่เนื้อ,ประเทศ,,36.38,36380.0,ปศุสัตว์,ไก่เนื้อ
2018-09-21,ไข่ไก่,ประเทศ,282.46,2.25968,2259.68,ปศุสัตว์,ไข่ไก่
2018-09-21,กุ้ง,ประเทศ,,134.8,134800.0,ประมง,กุ้ง
2018-09-21,ทุเรียน,ประเทศ,,83.45,83450.0,ไม้ผล,ทุเรียน
2018-09-21,เงาะ,ประเทศ,,13.78,13780.0,ไม้ผล,เงาะ
2018-09-21,ลองกอง,ประเทศ,,15.01,15010.0,ไม้ผล,ลองกอง
2018-09-28,ข้าวหอมมะลิ,ประเทศ,,14.881,14881.0,พืชไร่,ข้าว
2018-09-28,ข้าวปทุมธานี,ประเทศ,,10.05634,10056.34,พืชไร่,ข้าว
2018-09-28,ข้าวเจ้าอื่น,ประเทศ,,7.61599,7615.99,พืชไร่,ข้าว
2018-09-28,ข้าวเหนียว,ประเทศ,,8.915379999999999,8915.38,พืชไร่,ข้าว
2018-09-28,ข้าวโพดเลี้ยงสัตว์,ประเทศ,,6.69,6690.0,พืชไร่,ข้าวโพดเลี้ยงสัตว์
2018-09-28,มันสำปะหลัง,ประเทศ,,2.56,2560.0,พืชไร่,มันสำปะหลัง
2018-09-28,สับปะรดโรงงาน,ประเทศ,,3.45,3450.0,พืชไร่,สับปะรดโรงงาน
2018-09-28,ปาล์มน้ำมัน,ประเทศ,,2.85,2850.0,พืชยืนต้น,ปาล์มน้ำมัน
2018-09-28,มะพร้าว,ประเทศ,456.98,3.65584,3655.84,พืชยืนต้น,มะพร้าว
2018-09-28,ยางพารา,ประเทศ,,39.67,39670.0,พืชยืนต้น,ยางพารา
2018-09-28,ลำไย,ประเทศ,,29.5,29500.0,ไม้ผล,ลำไย
2018-09-28,สุกร,ประเทศ,,59.59,59590.0,ปศุสัตว์,สุกร
2018-09-28,ไก่เนื้อ,ประเทศ,,36.26,36260.0,ปศุสัตว์,ไก่เนื้อ
2018-09-28,ไข่ไก่,ประเทศ,281.69,2.25352,2253.52,ปศุสัตว์,ไข่ไก่
2018-09-28,กุ้ง,ประเทศ,,127.81,127810.0,ประมง,กุ้ง
2018-09-28,ทุเรียน,ประเทศ,,65.0,65000.0,ไม้ผล,ทุเรียน
2018-09-28,เงาะ,ประเทศ,,18.0,18000.0,ไม้ผล,เงาะ
2018-09-28,ลองกอง,ประเทศ,,12.93,12930.0,ไม้ผล,ลองกอง
2018-10-05,ข้าวหอมมะลิ,ประเทศ,,14.86789,14867.89,พืชไร่,ข้าว
2018-10-05,ข้าวปทุมธานี,ประเทศ,,10.05634,10056.34,พืชไร่,ข้าว
2018-10-05,ข้าวเจ้าอื่น,ประเทศ,,7.61166,7611.66,พืชไร่,ข้าว
2018-10-05,ข้าวเหนียว,ประเทศ,,8.89919,8899.19,พืชไร่,ข้าว
2018-10-05,ข้าวโพดเลี้ยงสัตว์,ประเทศ,,6.77,6770.0,พืชไร่,ข้าวโพดเลี้ยงสัตว์
2018-10-05,มันสำปะหลัง,ประเทศ,,2.56,2560.0,พืชไร่,มันสำปะหลัง
2018-10-05,สับปะรดโรงงาน,ประเทศ,,3.53,3530.0,พืชไร่,สับปะรดโรงงาน
2018-10-05,ปาล์มน้ำมัน,ประเทศ,,2.83,2830.0,พืชยืนต้น,ปาล์มน้ำมัน
2018-10-05,มะพร้าว,ประเทศ,462.87,3.70296,3702.96,พืชยืนต้น,มะพร้าว
2018-10-05,ยางพารา,ประเทศ,,39.54,39540.0,พืชยืนต้น,ยางพารา
2018-10-05,ลำไย,ประเทศ,,29.5,29500.0,ไม้ผล,ลำไย
2018-10-05,สุกร,ประเทศ,,59.64,59640.0,ปศุสัตว์,สุกร
2018-10-05,ไก่เนื้อ,ประเทศ,,36.25,36250.0,ปศุสัตว์,ไก่เนื้อ
2018-10-05,ไข่ไก่,ประเทศ,276.06,2.20848,2208.48,ปศุสัตว์,ไข่ไก่
2018-10-05,กุ้ง,ประเทศ,,130.0,130000.0,ประมง,กุ้ง
2018-10-05,เงาะ,ประเทศ,,25.0,25000.0,ไม้ผล,เงาะ
2018-10-05,ลองกอง,ประเทศ,,15.67,15670.0,ไม้ผล,ลองกอง
2018-10-12,ข้าวหอมมะลิ,ประเทศ,,14.845,14845.0,พืชไร่,ข้าว
2018-10-12,ข้าวปทุมธานี,ประเทศ,,10.05634,10056.34,พืชไร่,ข้าว
2018-10-12,ข้าวเจ้าอื่น,ประเทศ,,7.579,7579.0,พืชไร่,ข้าว
2018-10-12,ข้าวเหนียว,ประเทศ,,8.8947,8894.7,พืชไร่,ข้าว
2018-10-12,ข้าวโพดเลี้ยงสัตว์,ประเทศ,,7.21,7210.0,พืชไร่,ข้าวโพดเลี้ยงสัตว์
2018-10-12,มันสำปะหลัง,ประเทศ,,2.56,2560.0,พืชไร่,มันสำปะหลัง
2018-10-12,สับปะรดโรงงาน,ประเทศ,,3.31,3310.0,พืชไร่,สับปะรดโรงงาน
2018-10-12,ปาล์มน้ำมัน,ประเทศ,,2.8,2800.0,พืชยืนต้น,ปาล์มน้ำมัน
2018-10-12,มะพร้าว,ประเทศ,467.15,3.7371999999999996,3737.2,พืชยืนต้น,มะพร้าว
2018-10-12,ยางพารา,ประเทศ,,40.17,40170.0,พืชยืนต้น,ยางพารา
2018-10-12,ลำไย,ประเทศ,,29.5,29500.0,ไม้ผล,ลำไย
2018-10-12,สุกร,ประเทศ,,59.14,59140.0,ปศุสัตว์,สุกร
2018-10-12,ไก่เนื้อ,ประเทศ,,36.25,36250.0,ปศุสัตว์,ไก่เนื้อ
2018-10-12,ไข่ไก่,ประเทศ,264.09,2.11272,2112.72,ปศุสัตว์,ไข่ไก่
2018-10-12,กุ้ง,ประเทศ,,134.84,134840.0,ประมง,กุ้ง
2018-10-12,เงาะ,ประเทศ,,25.0,25000.0,ไม้ผล,เงาะ
2018-10-12,ลองกอง,ประเทศ,,19.59,19590.0,ไม้ผล,ลองกอง
2018-10-19,ข้าวหอมมะลิ,ประเทศ,,14.82535,14825.35,พืชไร่,ข้าว
2018-10-19,ข้าวปทุมธานี,ประเทศ,,10.05634,10056.34,พืชไร่,ข้าว
2018-10-19,ข้าวเจ้าอื่น,ประเทศ,,7.60092,7600.92,พืชไร่,ข้าว
2018-10-19,ข้าวเหนียว,ประเทศ,,8.88083,8880.83,พืชไร่,ข้าว
2018-10-19,ข้าวโพดเลี้ยงสัตว์,ประเทศ,,7.35,7350.0,พืชไร่,ข้าวโพดเลี้ยงสัตว์
2018-10-19,มันสำปะหลัง,ประเทศ,,2.57,2570.0,พืชไร่,มันสำปะหลัง
2018-10-19,สับปะรดโรงงาน,ประเทศ,,3.28,3280.0,พืชไร่,สับปะรดโรงงาน
2018-10-19,ปาล์มน้ำมัน,ประเทศ,,2.8,2800.0,พืชยืนต้น,ปาล์มน้ำมัน
2018-10-19,มะพร้าว,ประเทศ,480.88,3.84704,3847.04,พืชยืนต้น,มะพร้าว
2018-10-19,ยางพารา,ประเทศ,,39.44,39440.0,พืชยืนต้น,ยางพารา
2018-10-19,ลำไย,ประเทศ,,29.5,29500.0,ไม้ผล,ลำไย
2018-10-19,สุกร,ประเทศ,,59.32,59320.0,ปศุสัตว์,สุกร
2018-10-19,ไก่เนื้อ,ประเทศ,,36.33,36330.0,ปศุสัตว์,ไก่เนื้อ
2018-10-19,ไข่ไก่,ประเทศ,238.56,1.90848,1908.48,ปศุสัตว์,ไข่ไก่
2018-10-19,กุ้ง,ประเทศ,,129.64,129639.99999999999,ประมง,กุ้ง
2018-10-19,เงาะ,ประเทศ,,30.0,30000.0,ไม้ผล,เงาะ
2018-10-19,ลองกอง,ประเทศ,,21.38,21380.0,ไม้ผล,ลองกอง
2018-10-26,ข้าวหอมมะลิ,ประเทศ,,14.921,14921.0,พืชไร่,ข้าว
2018-10-26,ข้าวปทุมธานี,ประเทศ,,10.05632,10056.32,พืชไร่,ข้าว
2018-10-26,ข้าวเจ้าอื่น,ประเทศ,,7.773689999999999,7773.69,พืชไร่,ข้าว
2018-10-26,ข้าวเหนียว,ประเทศ,,8.91165,8911.65,พืชไร่,ข้าว
2018-10-26,ข้าวโพดเลี้ยงสัตว์,ประเทศ,,7.57,7570.0,พืชไร่,ข้าวโพดเลี้ยงสัตว์
2018-10-26,มันสำปะหลัง,ประเทศ,,2.6,2600.0,พืชไร่,มันสำปะหลัง
2018-10-26,สับปะรดโรงงาน,ประเทศ,,3.27,3270.0,พืชไร่,สับปะรดโรงงาน
2018-10-26,ปาล์มน้ำมัน,ประเทศ,,2.88,2880.0,พืชยืนต้น,ปาล์มน้ำมัน
2018-10-26,มะพร้าว,ประเทศ,521.39,4.17112,4171.12,พืชยืนต้น,มะพร้าว
2018-10-26,ยางพารา,ประเทศ,,39.78,39780.0,พืชยืนต้น,ยางพารา
2018-10-26,ลำไย,ประเทศ,,31.46,31460.0,ไม้ผล,ลำไย
2018-10-26,สุกร,ประเทศ,,59.83,59830.0,ปศุสัตว์,สุกร
2018-10-26,ไก่เนื้อ,ประเทศ,,36.34,36340.0,ปศุสัตว์,ไก่เนื้อ
2018-10-26,ไข่ไก่,ประเทศ,239.19,1.9135199999999999,1913.52,ปศุสัตว์,ไข่ไก่
2018-10-26,กุ้ง,ประเทศ,,128.43,128430.0,ประมง,กุ้ง
2018-10-26,เงาะ,ประเทศ,,30.0,30000.0,ไม้ผล,เงาะ
2018-10-26,ลองกอง,ประเทศ,,28.26,28260.0,ไม้ผล,ลองกอง
2018-11-02,ข้าวหอมมะลิ,ประเทศ,,15.191799999999999,15191.8,พืชไร่,ข้าว
2018-11-02,ข้าวปทุมธานี,ประเทศ,,8.81724,8817.24,พืชไร่,ข้าว
2018-11-02,ข้าวเจ้าอื่น,ประเทศ,,7.768140000000001,7768.14,พืชไร่,ข้าว
2018-11-02,ข้าวเหนียว,ประเทศ,,8.882790000000002,8882.79,พืชไร่,ข้าว
2018-11-02,ข้าวโพดเลี้ยงสัตว์,ประเทศ,,7.95,7950.0,พืชไร่,ข้าวโพดเลี้ยงสัตว์
2018-11-02,มันสำปะหลัง,ประเทศ,,2.52,2520.0,พืชไร่,มันสำปะหลัง
2018-11-02,สับปะรดโรงงาน,ประเทศ,,3.1,3100.0,พืชไร่,สับปะรดโรงงาน
2018-11-02,ปาล์มน้ำมัน,ประเทศ,,2.91,2910.0,พืชยืนต้น,ปาล์มน้ำมัน
2018-11-02,มะพร้าว,ประเทศ,523.07,4.18456,4184.56,พืชยืนต้น,มะพร้าว
2018-11-02,ยางพารา,ประเทศ,,38.85,38850.0,พืชยืนต้น,ยางพารา
2018-11-02,ลำไย,ประเทศ,,31.46,31460.0,ไม้ผล,ลำไย
2018-11-02,สุกร,ประเทศ,,60.3,60300.0,ปศุสัตว์,สุกร
2018-11-02,ไก่เนื้อ,ประเทศ,,36.36,36360.0,ปศุสัตว์,ไก่เนื้อ
2018-11-02,ไข่ไก่,ประเทศ,239.82,1.91856,1918.56,ปศุสัตว์,ไข่ไก่
2018-11-02,กุ้ง,ประเทศ,,132.4,132400.0,ประมง,กุ้ง
2018-11-02,เงาะ,ประเทศ,,30.0,30000.0,ไม้ผล,เงาะ
2018-11-02,ลองกอง,ประเทศ,,29.21,29210.0,ไม้ผล,ลองกอง
2018-11-09,ข้าวหอมมะลิ,ประเทศ,,15.77027,15770.27,พืชไร่,ข้าว
2018-11-09,ข้าวปทุมธานี,ประเทศ,,9.45474,9454.74,พืชไร่,ข้าว
2018-11-09,ข้าวเจ้าอื่น,ประเทศ,,8.1405,8140.5,พืชไร่,ข้าว
2018-11-09,ข้าวเหนียว,ประเทศ,,9.33455,9334.55,พืชไร่,ข้าว
2018-11-09,ข้าวโพดเลี้ยงสัตว์,ประเทศ,,8.25,8250.0,พืชไร่,ข้าวโพดเลี้ยงสัตว์
2018-11-09,มันสำปะหลัง,ประเทศ,,2.44,2440.0,พืชไร่,มันสำปะหลัง
2018-11-09,สับปะรดโรงงาน,ประเทศ,,2.85,2850.0,พืชไร่,สับปะรดโรงงาน
2018-11-09,ปาล์มน้ำมัน,ประเทศ,,2.7,2700.0,พืชยืนต้น,ปาล์มน้ำมัน
2018-11-09,มะพร้าว,ประเทศ,554.74,4.43792,4437.92,พืชยืนต้น,มะพร้าว
2018-11-09,ยางพารา,ประเทศ,,37.45,37450.0,พืชยืนต้น,ยางพารา
2018-11-09,ลำไย,ประเทศ,,31.17,31170.0,ไม้ผล,ลำไย
2018-11-09,สุกร,ประเทศ,,60.38,60380.0,ปศุสัตว์,สุกร
2018-11-09,ไก่เนื้อ,ประเทศ,,36.4,36400.0,ปศุสัตว์,ไก่เนื้อ
2018-11-09,ไข่ไก่,ประเทศ,269.58,2.15664,2156.64,ปศุสัตว์,ไข่ไก่
2018-11-09,กุ้ง,ประเทศ,,136.85,136850.0,ประมง,กุ้ง
2018-11-09,เงาะ,ประเทศ,,30.0,30000.0,ไม้ผล,เงาะ
2018-11-09,ลองกอง,ประเทศ,,20.0,20000.0,ไม้ผล,ลองกอง
2018-11-16,ข้าวหอมมะลิ,ประเทศ,,15.243799999999998,15243.8,พืชไร่,ข้าว
2018-11-16,ข้าวปทุมธานี,ประเทศ,,9.57474,9574.74,พืชไร่,ข้าว
2018-11-16,ข้าวเจ้าอื่น,ประเทศ,,8.00179,8001.79,พืชไร่,ข้าว
2018-11-16,ข้าวเหนียว,ประเทศ,,9.438229999999999,9438.23,พืชไร่,ข้าว
2018-11-16,ข้าวโพดเลี้ยงสัตว์,ประเทศ,,8.37,8370.0,พืชไร่,ข้าวโพดเลี้ยงสัตว์
2018-11-16,มันสำปะหลัง,ประเทศ,,2.42,2420.0,พืชไร่,มันสำปะหลัง
2018-11-16,สับปะรดโรงงาน,ประเทศ,,2.76,2760.0,พืชไร่,สับปะรดโรงงาน
2018-11-16,ปาล์มน้ำมัน,ประเทศ,,2.5,2500.0,พืชยืนต้น,ปาล์มน้ำมัน
2018-11-16,มะพร้าว,ประเทศ,511.81,4.09448,4094.48,พืชยืนต้น,มะพร้าว
2018-11-16,ยางพารา,ประเทศ,,36.54,36540.0,พืชยืนต้น,ยางพารา
2018-11-16,กาแฟ,ประเทศ,,65.94,65940.0,พืชยืนต้น,กาแฟ
2018-11-16,ลำไย,ประเทศ,,30.17,30170.0,ไม้ผล,ลำไย
2018-11-16,สุกร,ประเทศ,,59.93,59930.0,ปศุสัตว์,สุกร
2018-11-16,ไก่เนื้อ,ประเทศ,,36.34,36340.0,ปศุสัตว์,ไก่เนื้อ
2018-11-16,ไข่ไก่,ประเทศ,267.95,2.1435999999999997,2143.6,ปศุสัตว์,ไข่ไก่
2018-11-16,กุ้ง,ประเทศ,,137.17,137170.0,ประมง,กุ้ง
2018-11-16,เงาะ,ประเทศ,,25.0,25000.0,ไม้ผล,เงาะ
2018-11-16,ลองกอง,ประเทศ,,32.5,32500.0,ไม้ผล,ลองกอง
2018-11-23,ข้าวหอมมะลิ,ประเทศ,,15.163889999999999,15163.89,พืชไร่,ข้าว
2018-11-23,ข้าวปทุมธานี,ประเทศ,,9.66986,9669.86,พืชไร่,ข้าว
2018-11-23,ข้าวเจ้าอื่น,ประเทศ,,8.04398,8043.98,พืชไร่,ข้าว
2018-11-23,ข้าวเหนียว,ประเทศ,,10.287469999999999,10287.47,พืชไร่,ข้าว
2018-11-23,ข้าวโพดเลี้ยงสัตว์,ประเทศ,,8.39,8390.0,พืชไร่,ข้าวโพดเลี้ยงสัตว์
2018-11-23,มันสำปะหลัง,ประเทศ,,2.35,2350.0,พืชไร่,มันสำปะหลัง
2018-11-23,สับปะรดโรงงาน,ประเทศ,,2.75,2750.0,พืชไร่,สับปะรดโรงงาน
2018-11-23,ปาล์มน้ำมัน,ประเทศ,,2.23,2230.0,พืชยืนต้น,ปาล์มน้ำมัน
2018-11-23,มะพร้าว,ประเทศ,489.03,3.9122399999999997,3912.24,พืชยืนต้น,มะพร้าว
2018-11-23,ยางพารา,ประเทศ,,36.0,36000.0,พืชยืนต้น,ยางพารา
2018-11-23,กาแฟ,ประเทศ,,62.89,62890.0,พืชยืนต้น,กาแฟ
2018-11-23,ลำไย,ประเทศ,,30.17,30170.0,ไม้ผล,ลำไย
2018-11-23,สุกร,ประเทศ,,60.43,60430.0,ปศุสัตว์,สุกร
2018-11-23,ไก่เนื้อ,ประเทศ,,36.33,36330.0,ปศุสัตว์,ไก่เนื้อ
2018-11-23,ไข่ไก่,ประเทศ,268.54,2.14832,2148.32,ปศุสัตว์,ไข่ไก่
2018-11-23,กุ้ง,ประเทศ,,132.13,132130.0,ประมง,กุ้ง
2018-11-23,เงาะ,ประเทศ,,28.0,28000.0,ไม้ผล,เงาะ
2018-11-23,ลองกอง,ประเทศ,,25.0,25000.0,ไม้ผล,ลองกอง
2018-11-30,ข้าวหอมมะลิ,ประเทศ,,15.032,15032.0,พืชไร่,ข้าว
2018-11-30,ข้าวปทุมธานี,ประเทศ,,9.411010000000001,9411.01,พืชไร่,ข้าว
2018-11-30,ข้าวเจ้าอื่น,ประเทศ,,8.06775,8067.75,พืชไร่,ข้าว
2018-11-30,ข้าวเหนียว,ประเทศ,,10.452770000000001,10452.77,พืชไร่,ข้าว
2018-11-30,ข้าวโพดเลี้ยงสัตว์,ประเทศ,,8.69,8690.0,พืชไร่,ข้าวโพดเลี้ยงสัตว์
2018-11-30,มันสำปะหลัง,ประเทศ,,2.34,2340.0,พืชไร่,มันสำปะหลัง
2018-11-30,สับปะรดโรงงาน,ประเทศ,,2.71,2710.0,พืชไร่,สับปะรดโรงงาน
2018-11-30,ปาล์มน้ำมัน,ประเทศ,,2.28,2280.0,พืชยืนต้น,ปาล์มน้ำมัน
2018-11-30,มะพร้าว,ประเทศ,482.0,3.856,3856.0,พืชยืนต้น,มะพร้าว
2018-11-30,ยางพารา,ประเทศ,,35.94,35940.0,พืชยืนต้น,ยางพารา
2018-11-30,กาแฟ,ประเทศ,,63.0,63000.0,พืชยืนต้น,กาแฟ
2018-11-30,ลำไย,ประเทศ,,30.17,30170.0,ไม้ผล,ลำไย
2018-11-30,สุกร,ประเทศ,,60.53,60530.0,ปศุสัตว์,สุกร
2018-11-30,ไก่เนื้อ,ประเทศ,,36.27,36270.0,ปศุสัตว์,ไก่เนื้อ
2018-11-30,ไข่ไก่,ประเทศ,263.28,2.1062399999999997,2106.24,ปศุสัตว์,ไข่ไก่
2018-11-30,กุ้ง,ประเทศ,,136.62,136620.0,ประมง,กุ้ง
2018-12-07,ข้าวหอมมะลิ,ประเทศ,,15.21451,15214.51,พืชไร่,ข้าว
2018-12-07,ข้าวปทุมธานี,ประเทศ,,9.34815,9348.15,พืชไร่,ข้าว
2018-12-07,ข้าวเจ้าอื่น,ประเทศ,,8.0494,8049.4,พืชไร่,ข้าว
2018-12-07,ข้าวเหนียว,ประเทศ,,10.59915,10599.15,พืชไร่,ข้าว
2018-12-07,ข้าวโพดเลี้ยงสัตว์,ประเทศ,,8.7,8700.0,พืชไร่,ข้าวโพดเลี้ยงสัตว์
2018-12-07,มันสำปะหลัง,ประเทศ,,2.33,2330.0,พืชไร่,มันสำปะหลัง
2018-12-07,สับปะรดโรงงาน,ประเทศ,,2.82,2820.0,พืชไร่,สับปะรดโรงงาน
2018-12-07,ปาล์มน้ำมัน,ประเทศ,,2.37,2370.0,พืชยืนต้น,ปาล์มน้ำมัน
2018-12-07,มะพร้าว,ประเทศ,504.61,4.03688,4036.88,พืชยืนต้น,มะพร้าว
2018-12-07,ยางพารา,ประเทศ,,36.0,36000.0,พืชยืนต้น,ยางพารา
2018-12-07,กาแฟ,ประเทศ,,65.0,65000.0,พืชยืนต้น,กาแฟ
2018-12-07,ลำไย,ประเทศ,,30.85,30850.0,ไม้ผล,ลำไย
2018-12-07,หอมแดง,ประเทศ,,24.0,24000.0,พืชผัก,หอมแดง
2018-12-07,สุกร,ประเทศ,,59.88,59880.0,ปศุสัตว์,สุกร
2018-12-07,ไก่เนื้อ,ประเทศ,,36.09,36090.0,ปศุสัตว์,ไก่เนื้อ
2018-12-07,ไข่ไก่,ประเทศ,263.5,2.108,2108.0,ปศุสัตว์,ไข่ไก่
2018-12-07,กุ้ง,ประเทศ,,141.08,141080.0,ประมง,กุ้ง
2018-12-07,ลองกอง,ประเทศ,,30.0,30000.0,ไม้ผล,ลองกอง
2018-12-14,ข้าวหอมมะลิ,ประเทศ,,15.19269,15192.69,พืชไร่,ข้าว
2018-12-14,ข้าวปทุมธานี,ประเทศ,,9.351510000000001,9351.51,พืชไร่,ข้าว
2018-12-14,ข้าวเจ้าอื่น,ประเทศ,,8.060640000000001,8060.64,พืชไร่,ข้าว
2018-12-14,ข้าวเหนียว,ประเทศ,,10.384409999999999,10384.41,พืชไร่,ข้าว
2018-12-14,ข้าวโพดเลี้ยงสัตว์,ประเทศ,,8.83,8830.0,พืชไร่,ข้าวโพดเลี้ยงสัตว์
2018-12-14,มันสำปะหลัง,ประเทศ,,2.29,2290.0,พืชไร่,มันสำปะหลัง
2018-12-14,สับปะรดโรงงาน,ประเทศ,,2.85,2850.0,พืชไร่,สับปะรดโรงงาน
2018-12-14,ปาล์มน้ำมัน,ประเทศ,,2.52,2520.0,พืชยืนต้น,ปาล์มน้ำมัน
2018-12-14,มะพร้าว,ประเทศ,496.34,3.9707199999999996,3970.72,พืชยืนต้น,มะพร้าว
2018-12-14,ยางพารา,ประเทศ,,36.33,36330.0,พืชยืนต้น,ยางพารา
2018-12-14,กาแฟ,ประเทศ,,65.6,65600.0,พืชยืนต้น,กาแฟ
2018-12-14,ลำไย,ประเทศ,,30.68,30680.0,ไม้ผล,ลำไย
2018-12-14,หอมแดง,ประเทศ,,24.0,24000.0,พืชผัก,หอมแดง
2018-12-14,สุกร,ประเทศ,,60.03,60030.0,ปศุสัตว์,สุกร
2018-12-14,ไก่เนื้อ,ประเทศ,,36.15,36150.0,ปศุสัตว์,ไก่เนื้อ
2018-12-14,ไข่ไก่,ประเทศ,265.09,2.12072,2120.72,ปศุสัตว์,ไข่ไก่
2018-12-14,กุ้ง,ประเทศ,,143.11,143110.0,ประมง,กุ้ง
2018-12-21,ข้าวหอมมะลิ,ประเทศ,,15.32494,15324.94,พืชไร่,ข้าว
2018-12-21,ข้าวปทุมธานี,ประเทศ,,9.414399999999999,9414.4,พืชไร่,ข้าว
2018-12-21,ข้าวเจ้าอื่น,ประเทศ,,8.01712,8017.12,พืชไร่,ข้าว
2018-12-21,ข้าวเหนียว,ประเทศ,,10.307409999999999,10307.41,พืชไร่,ข้าว
2018-12-21,ข้าวโพดเลี้ยงสัตว์,ประเทศ,,8.8,8800.0,พืชไร่,ข้าวโพดเลี้ยงสัตว์
2018-12-21,มันสำปะหลัง,ประเทศ,,2.29,2290.0,พืชไร่,มันสำปะหลัง
2018-12-21,สับปะรดโรงงาน,ประเทศ,,2.91,2910.0,พืชไร่,สับปะรดโรงงาน
2018-12-21,ปาล์มน้ำมัน,ประเทศ,,2.59,2590.0,พืชยืนต้น,ปาล์มน้ำมัน
2018-12-21,มะพร้าว,ประเทศ,504.59,4.03672,4036.72,พืชยืนต้น,มะพร้าว
2018-12-21,ยางพารา,ประเทศ,,37.91,37910.0,พืชยืนต้น,ยางพารา
2018-12-21,กาแฟ,ประเทศ,,66.0,66000.0,พืชยืนต้น,กาแฟ
2018-12-21,ลำไย,ประเทศ,,30.68,30680.0,ไม้ผล,ลำไย
2018-12-21,หอมแดง,ประเทศ,,24.0,24000.0,พืชผัก,หอมแดง
2018-12-21,สุกร,ประเทศ,,60.43,60430.0,ปศุสัตว์,สุกร
2018-12-21,ไก่เนื้อ,ประเทศ,,36.15,36150.0,ปศุสัตว์,ไก่เนื้อ
2018-12-21,ไข่ไก่,ประเทศ,264.08,2.11264,2112.64,ปศุสัตว์,ไข่ไก่
2018-12-21,กุ้ง,ประเทศ,,150.52,150520.0,ประมง,กุ้ง
2019-01-04,ข้าวหอมมะลิ,ประเทศ,,15.30002,15300.02,พืชไร่,ข้าว
2019-01-04,ข้าวปทุมธานี,ประเทศ,,9.407530000000001,9407.53,พืชไร่,ข้าว
2019-01-04,ข้าวเจ้าอื่น,ประเทศ,,7.9308000000000005,7930.8,พืชไร่,ข้าว
2019-01-04,ข้าวเหนียว,ประเทศ,,9.63241,9632.41,พืชไร่,ข้าว
2019-01-04,ข้าวโพดเลี้ยงสัตว์,ประเทศ,,8.99,8990.0,พืชไร่,ข้าวโพดเลี้ยงสัตว์
2019-01-04,มันสำปะหลัง,ประเทศ,,2.28,2280.0,พืชไร่,มันสำปะหลัง
2019-01-04,สับปะรดโรงงาน,ประเทศ,,2.96,2960.0,พืชไร่,สับปะรดโรงงาน
2019-01-04,ปาล์มน้ำมัน,ประเทศ,,2.67,2670.0,พืชยืนต้น,ปาล์มน้ำมัน
2019-01-04,มะพร้าว,ประเทศ,489.39,3.91512,3915.12,พืชยืนต้น,มะพร้าว
2019-01-04,ยางพารา,ประเทศ,,38.93,38930.0,พืชยืนต้น,ยางพารา
2019-01-04,กาแฟ,ประเทศ,,67.0,67000.0,พืชยืนต้น,กาแฟ
2019-01-04,ลำไย,ประเทศ,,24.91,24910.0,ไม้ผล,ลำไย
2019-01-04,หอมแดง,ประเทศ,,25.0,25000.0,พืชผัก,หอมแดง
2019-01-04,สุกร,ประเทศ,,62.23,62230.0,ปศุสัตว์,สุกร
2019-01-04,ไก่เนื้อ,ประเทศ,,36.2,36200.0,ปศุสัตว์,ไก่เนื้อ
2019-01-04,ไข่ไก่,ประเทศ,265.72,2.12576,2125.76,ปศุสัตว์,ไข่ไก่
2019-01-04,กุ้ง,ประเทศ,,154.11,154110.0,ประมง,กุ้ง
2019-01-11,ข้าวหอมมะลิ,ประเทศ,,14.97124,14971.24,พืชไร่,ข้าว
2019-01-11,ข้าวปทุมธานี,ประเทศ,,9.78461,9784.61,พืชไร่,ข้าว
2019-01-11,ข้าวเจ้าอื่น,ประเทศ,,7.7277700000000005,7727.77,พืชไร่,ข้าว
2019-01-11,ข้าวเหนียว,ประเทศ,,9.696,9696.0,พืชไร่,ข้าว
2019-01-11,ข้าวโพดเลี้ยงสัตว์,ประเทศ,,8.99,8990.0,พืชไร่,ข้าวโพดเลี้ยงสัตว์
2019-01-11,มันสำปะหลัง,ประเทศ,,2.25,2250.0,พืชไร่,มันสำปะหลัง
2019-01-11,สับปะรดโรงงาน,ประเทศ,,3.07,3070.0,พืชไร่,สับปะรดโรงงาน
2019-01-11,ปาล์มน้ำมัน,ประเทศ,,2.54,2540.0,พืชยืนต้น,ปาล์มน้ำมัน
2019-01-11,มะพร้าว,ประเทศ,579.17,4.63336,4633.36,พืชยืนต้น,มะพร้าว
2019-01-11,ยางพารา,ประเทศ,,40.64,40640.0,พืชยืนต้น,ยางพารา
2019-01-11,กาแฟ,ประเทศ,,67.0,67000.0,พืชยืนต้น,กาแฟ
2019-01-11,ลำไย,ประเทศ,,24.8,24800.0,ไม้ผล,ลำไย
2019-01-11,หอมแดง,ประเทศ,,27.0,27000.0,พืชผัก,หอมแดง
2019-01-11,สุกร,ประเทศ,,63.16,63160.0,ปศุสัตว์,สุกร
2019-01-11,ไก่เนื้อ,ประเทศ,,36.56,36560.0,ปศุสัตว์,ไก่เนื้อ
2019-01-11,ไข่ไก่,ประเทศ,273.13,2.18504,2185.04,ปศุสัตว์,ไข่ไก่
2019-01-11,กุ้ง,ประเทศ,,163.01,163010.0,ประมง,กุ้ง
2019-01-18,ข้าวหอมมะลิ,ประเทศ,,14.913969999999999,14913.97,พืชไร่,ข้าว
2019-01-18,ข้าวปทุมธานี,ประเทศ,,9.78686,9786.86,พืชไร่,ข้าว
2019-01-18,ข้าวเจ้าอื่น,ประเทศ,,7.63286,7632.86,พืชไร่,ข้าว
2019-01-18,ข้าวเหนียว,ประเทศ,,9.78111,9781.11,พืชไร่,ข้าว
2019-01-18,ข้าวโพดเลี้ยงสัตว์,ประเทศ,,8.93,8930.0,พืชไร่,ข้าวโพดเลี้ยงสัตว์
2019-01-18,มันสำปะหลัง,ประเทศ,,2.18,2180.0,พืชไร่,มันสำปะหลัง
2019-01-18,สับปะรดโรงงาน,ประเทศ,,3.22,3220.0,พืชไร่,สับปะรดโรงงาน
2019-01-18,ปาล์มน้ำมัน,ประเทศ,,2.23,2230.0,พืชยืนต้น,ปาล์มน้ำมัน
2019-01-18,มะพร้าว,ประเทศ,584.72,4.67776,4677.76,พืชยืนต้น,มะพร้าว
2019-01-18,ยางพารา,ประเทศ,,40.4,40400.0,พืชยืนต้น,ยางพารา
2019-01-18,กาแฟ,ประเทศ,,67.04,67040.0,พืชยืนต้น,กาแฟ
2019-01-18,ลำไย,ประเทศ,,24.8,24800.0,ไม้ผล,ลำไย
2019-01-18,หอมแดง,ประเทศ,,27.0,27000.0,พืชผัก,หอมแดง
2019-01-18,สุกร,ประเทศ,,65.2,65200.0,ปศุสัตว์,สุกร
2019-01-18,ไก่เนื้อ,ประเทศ,,36.14,36140.0,ปศุสัตว์,ไก่เนื้อ
2019-01-18,ไข่ไก่,ประเทศ,276.59,2.21272,2212.72,ปศุสัตว์,ไข่ไก่
2019-01-18,กุ้ง,ประเทศ,,166.3,166300.0,ประมง,กุ้ง
2019-01-25,ข้าวหอมมะลิ,ประเทศ,,15.393,15393.0,พืชไร่,ข้าว
2019-01-25,ข้าวปทุมธานี,ประเทศ,,9.6984,9698.4,พืชไร่,ข้าว
2019-01-25,ข้าวเจ้าอื่น,ประเทศ,,7.68668,7686.68,พืชไร่,ข้าว
2019-01-25,ข้าวเหนียว,ประเทศ,,9.947709999999999,9947.71,พืชไร่,ข้าว
2019-01-25,ข้าวโพดเลี้ยงสัตว์,ประเทศ,,8.98,8980.0,พืชไร่,ข้าวโพดเลี้ยงสัตว์
2019-01-25,มันสำปะหลัง,ประเทศ,,2.11,2110.0,พืชไร่,มันสำปะหลัง
2019-01-25,สับปะรดโรงงาน,ประเทศ,,3.37,3370.0,พืชไร่,สับปะรดโรงงาน
2019-01-25,ปาล์มน้ำมัน,ประเทศ,,2.39,2390.0,พืชยืนต้น,ปาล์มน้ำมัน
2019-01-25,มะพร้าว,ประเทศ,584.08,4.67264,4672.64,พืชยืนต้น,มะพร้าว
2019-01-25,ยางพารา,ประเทศ,,41.26,41260.0,พืชยืนต้น,ยางพารา
2019-01-25,กาแฟ,ประเทศ,,67.36,67360.0,พืชยืนต้น,กาแฟ
2019-01-25,ลำไย,ประเทศ,,24.8,24800.0,ไม้ผล,ลำไย
2019-01-25,หอมแดง,ประเทศ,,24.0,24000.0,พืชผัก,หอมแดง
2019-01-25,สุกร,ประเทศ,,65.32,65319.99999999999,ปศุสัตว์,สุกร
2019-01-25,ไก่เนื้อ,ประเทศ,,36.2,36200.0,ปศุสัตว์,ไก่เนื้อ
2019-01-25,ไข่ไก่,ประเทศ,277.19,2.21752,2217.52,ปศุสัตว์,ไข่ไก่
2019-01-25,กุ้ง,ประเทศ,,172.48,172480.0,ประมง,กุ้ง
2019-02-01,ข้าวหอมมะลิ,ประเทศ,,15.41341,15413.41,พืชไร่,ข้าว
2019-02-01,ข้าวปทุมธานี,ประเทศ,,9.884120000000001,9884.12,พืชไร่,ข้าว
2019-02-01,ข้าวเจ้าอื่น,ประเทศ,,7.64221,7642.21,พืชไร่,ข้าว
2019-02-01,ข้าวเหนียว,ประเทศ,,9.973040000000001,9973.04,พืชไร่,ข้าว
2019-02-01,ข้าวโพดเลี้ยงสัตว์,ประเทศ,,8.81,8810.0,พืชไร่,ข้าวโพดเลี้ยงสัตว์
2019-02-01,มันสำปะหลัง,ประเทศ,,2.06,2060.0,พืชไร่,มันสำปะหลัง
2019-02-01,สับปะรดโรงงาน,ประเทศ,,3.56,3560.0,พืชไร่,สับปะรดโรงงาน
2019-02-01,ปาล์มน้ำมัน,ประเทศ,,2.58,2580.0,พืชยืนต้น,ปาล์มน้ำมัน
2019-02-01,มะพร้าว,ประเทศ,588.0,4.704,4704.0,พืชยืนต้น,มะพร้าว
2019-02-01,ยางพารา,ประเทศ,,41.38,41380.0,พืชยืนต้น,ยางพารา
2019-02-01,กาแฟ,ประเทศ,,67.36,67360.0,พืชยืนต้น,กาแฟ
2019-02-01,ลำไย,ประเทศ,,25.8,25800.0,ไม้ผล,ลำไย
2019-02-01,หอมแดง,ประเทศ,,24.0,24000.0,พืชผัก,หอมแดง
2019-02-01,สุกร,ประเทศ,,66.86,66860.0,ปศุสัตว์,สุกร
2019-02-01,ไก่เนื้อ,ประเทศ,,36.12,36120.0,ปศุสัตว์,ไก่เนื้อ
2019-02-01,ไข่ไก่,ประเทศ,275.54,2.20432,2204.32,ปศุสัตว์,ไข่ไก่
2019-02-01,กุ้ง,ประเทศ,,174.45,174450.0,ประมง,กุ้ง
2019-02-08,ข้าวหอมมะลิ,ประเทศ,,15.5918,15591.8,พืชไร่,ข้าว
2019-02-08,ข้าวปทุมธานี,ประเทศ,,10.02567,10025.67,พืชไร่,ข้าว
2019-02-08,ข้าวเจ้าอื่น,ประเทศ,,7.645,7645.0,พืชไร่,ข้าว
2019-02-08,ข้าวเหนียว,ประเทศ,,10.009,10009.0,พืชไร่,ข้าว
2019-02-08,ข้าวโพดเลี้ยงสัตว์,ประเทศ,,7.96,7960.0,พืชไร่,ข้าวโพดเลี้ยงสัตว์
2019-02-08,มันสำปะหลัง,ประเทศ,,2.2,2200.0,พืชไร่,มันสำปะหลัง
2019-02-08,สับปะรดโรงงาน,ประเทศ,,3.57,3570.0,พืชไร่,สับปะรดโรงงาน
2019-02-08,ปาล์มน้ำมัน,ประเทศ,,2.62,2620.0,พืชยืนต้น,ปาล์มน้ำมัน
2019-02-08,มะพร้าว,ประเทศ,623.06,4.98448,4984.48,พืชยืนต้น,มะพร้าว
2019-02-08,ยางพารา,ประเทศ,,40.85,40850.0,พืชยืนต้น,ยางพารา
2019-02-08,กาแฟ,ประเทศ,,66.11,66110.0,พืชยืนต้น,กาแฟ
2019-02-08,ลำไย,ประเทศ,,25.5,25500.0,ไม้ผล,ลำไย
2019-02-08,หอมแดง,ประเทศ,,23.0,23000.0,พืชผัก,หอมแดง
2019-02-08,สุกร,ประเทศ,,67.54,67540.0,ปศุสัตว์,สุกร
2019-02-08,ไก่เนื้อ,ประเทศ,,36.13,36130.0,ปศุสัตว์,ไก่เนื้อ
2019-02-08,ไข่ไก่,ประเทศ,275.76,2.20608,2206.08,ปศุสัตว์,ไข่ไก่
2019-02-08,กุ้ง,ประเทศ,,173.39,173390.0,ประมง,กุ้ง
2019-02-15,ข้าวหอมมะลิ,ประเทศ,,15.632040000000002,15632.04,พืชไร่,ข้าว
2019-02-15,ข้าวปทุมธานี,ประเทศ,,10.467,10467.0,พืชไร่,ข้าว
2019-02-15,ข้าวเจ้าอื่น,ประเทศ,,7.652,7652.0,พืชไร่,ข้าว
2019-02-15,ข้าวเหนียว,ประเทศ,,10.39169,10391.69,พืชไร่,ข้าว
2019-02-15,ข้าวโพดเลี้ยงสัตว์,ประเทศ,,8.0,8000.0,พืชไร่,ข้าวโพดเลี้ยงสัตว์
2019-02-15,มันสำปะหลัง,ประเทศ,,2.21,2210.0,พืชไร่,มันสำปะหลัง
2019-02-15,สับปะรดโรงงาน,ประเทศ,,3.72,3720.0,พืชไร่,สับปะรดโรงงาน
2019-02-15,ปาล์มน้ำมัน,ประเทศ,,2.53,2530.0,พืชยืนต้น,ปาล์มน้ำมัน
2019-02-15,มะพร้าว,ประเทศ,627.0,5.016,5016.0,พืชยืนต้น,มะพร้าว
2019-02-15,ยางพารา,ประเทศ,,41.48,41480.0,พืชยืนต้น,ยางพารา
2019-02-15,กาแฟ,ประเทศ,,67.06,67060.0,พืชยืนต้น,กาแฟ
2019-02-15,ลำไย,ประเทศ,,27.3,27300.0,ไม้ผล,ลำไย
2019-02-15,หอมแดง,ประเทศ,,23.0,23000.0,พืชผัก,หอมแดง
2019-02-15,สุกร,ประเทศ,,67.18,67180.0,ปศุสัตว์,สุกร
2019-02-15,ไก่เนื้อ,ประเทศ,,36.17,36170.0,ปศุสัตว์,ไก่เนื้อ
2019-02-15,ไข่ไก่,ประเทศ,274.99,2.19992,2199.92,ปศุสัตว์,ไข่ไก่
2019-02-15,กุ้ง,ประเทศ,,165.17,165170.0,ประมง,กุ้ง
2019-02-22,ข้าวหอมมะลิ,ประเทศ,,15.723,15723.0,พืชไร่,ข้าว
2019-02-22,ข้าวปทุมธานี,ประเทศ,,10.09147,10091.47,พืชไร่,ข้าว
2019-02-22,ข้าวเจ้าอื่น,ประเทศ,,7.54155,7541.55,พืชไร่,ข้าว
2019-02-22,ข้าวเหนียว,ประเทศ,,10.37554,10375.54,พืชไร่,ข้าว
2019-02-22,ข้าวโพดเลี้ยงสัตว์,ประเทศ,,8.01,8010.0,พืชไร่,ข้าวโพดเลี้ยงสัตว์
2019-02-22,มันสำปะหลัง,ประเทศ,,2.22,2220.0,พืชไร่,มันสำปะหลัง
2019-02-22,สับปะรดโรงงาน,ประเทศ,,3.89,3890.0,พืชไร่,สับปะรดโรงงาน
2019-02-22,ปาล์มน้ำมัน,ประเทศ,,2.38,2380.0,พืชยืนต้น,ปาล์มน้ำมัน
2019-02-22,มะพร้าว,ประเทศ,632.73,5.06184,5061.84,พืชยืนต้น,มะพร้าว
2019-02-22,ยางพารา,ประเทศ,,42.17,42170.0,พืชยืนต้น,ยางพารา
2019-02-22,กาแฟ,ประเทศ,,65.64,65640.0,พืชยืนต้น,กาแฟ
2019-02-22,ลำไย,ประเทศ,,27.3,27300.0,ไม้ผล,ลำไย
2019-02-22,หอมแดง,ประเทศ,,23.0,23000.0,พืชผัก,หอมแดง
2019-02-22,สุกร,ประเทศ,,66.6,66600.0,ปศุสัตว์,สุกร
2019-02-22,ไก่เนื้อ,ประเทศ,,36.13,36130.0,ปศุสัตว์,ไก่เนื้อ
2019-02-22,ไข่ไก่,ประเทศ,271.28,2.1702399999999997,2170.24,ปศุสัตว์,ไข่ไก่
2019-02-22,กุ้ง,ประเทศ,,160.25,160250.0,ประมง,กุ้ง
2019-03-01,ข้าวหอมมะลิ,ประเทศ,,15.87441,15874.41,พืชไร่,ข้าว
2019-03-01,ข้าวปทุมธานี,ประเทศ,,10.29983,10299.83,พืชไร่,ข้าว
2019-03-01,ข้าวเจ้าอื่น,ประเทศ,,7.44571,7445.71,พืชไร่,ข้าว
2019-03-01,ข้าวเหนียว,ประเทศ,,10.51486,10514.86,พืชไร่,ข้าว
2019-03-01,ข้าวโพดเลี้ยงสัตว์,ประเทศ,,8.09,8090.0,พืชไร่,ข้าวโพดเลี้ยงสัตว์
2019-03-01,มันสำปะหลัง,ประเทศ,,2.2,2200.0,พืชไร่,มันสำปะหลัง
2019-03-01,สับปะรดโรงงาน,ประเทศ,,3.99,3990.0,พืชไร่,สับปะรดโรงงาน
2019-03-01,ปาล์มน้ำมัน,ประเทศ,,2.22,2220.0,พืชยืนต้น,ปาล์มน้ำมัน
2019-03-01,มะพร้าว,ประเทศ,653.97,5.23176,5231.76,พืชยืนต้น,มะพร้าว
2019-03-01,ยางพารา,ประเทศ,,42.65,42650.0,พืชยืนต้น,ยางพารา
2019-03-01,กาแฟ,ประเทศ,,70.0,70000.0,พืชยืนต้น,กาแฟ
2019-03-01,ลำไย,ประเทศ,,28.77,28770.0,ไม้ผล,ลำไย
2019-03-01,หอมแดง,ประเทศ,,9.37,9370.0,พืชผัก,หอมแดง
2019-03-01,สุกร,ประเทศ,,66.58,66580.0,ปศุสัตว์,สุกร
2019-03-01,ไก่เนื้อ,ประเทศ,,35.88,35880.0,ปศุสัตว์,ไก่เนื้อ
2019-03-01,ไข่ไก่,ประเทศ,265.88,2.12704,2127.04,ปศุสัตว์,ไข่ไก่
2019-03-01,กุ้ง,ประเทศ,,151.26,151260.0,ประมง,กุ้ง
2019-03-01,ทุเรียน,ประเทศ,,129.0,129000.0,ไม้ผล,ทุเรียน
2019-03-08,ข้าวหอมมะลิ,ประเทศ,,15.72,15720.0,พืชไร่,ข้าว
2019-03-08,ข้าวปทุมธานี,ประเทศ,,10.116,10116.0,พืชไร่,ข้าว
2019-03-08,ข้าวเจ้าอื่น,ประเทศ,,7.62,7620.0,พืชไร่,ข้าว
2019-03-08,ข้าวเหนียว,ประเทศ,,10.32568,10325.68,พืชไร่,ข้าว
2019-03-08,ข้าวโพดเลี้ยงสัตว์,ประเทศ,,8.09,8090.0,พืชไร่,ข้าวโพดเลี้ยงสัตว์
2019-03-08,มันสำปะหลัง,ประเทศ,,2.13,2130.0,พืชไร่,มันสำปะหลัง
2019-03-08,สับปะรดโรงงาน,ประเทศ,,4.18,4180.0,พืชไร่,สับปะรดโรงงาน
2019-03-08,ปาล์มน้ำมัน,ประเทศ,,2.12,2120.0,พืชยืนต้น,ปาล์มน้ำมัน
2019-03-08,มะพร้าว,ประเทศ,679.87,5.43896,5438.96,พืชยืนต้น,มะพร้าว
2019-03-08,ยางพารา,ประเทศ,,43.67,43670.0,พืชยืนต้น,ยางพารา
2019-03-08,ลำไย,ประเทศ,,28.83,28830.0,ไม้ผล,ลำไย
2019-03-08,หอมแดง,ประเทศ,,9.73,9730.0,พืชผัก,หอมแดง
2019-03-08,สุกร,ประเทศ,,66.28,66280.0,ปศุสัตว์,สุกร
2019-03-08,ไก่เนื้อ,ประเทศ,,35.67,35670.0,ปศุสัตว์,ไก่เนื้อ
2019-03-08,ไข่ไก่,ประเทศ,260.82,2.08656,2086.56,ปศุสัตว์,ไข่ไก่
2019-03-08,กุ้ง,ประเทศ,,150.21,150210.0,ประมง,กุ้ง
2019-03-08,กระเทียม,ประเทศ,,22.48,22480.0,พืชผัก,กระเทียม
2019-03-08,ทุเรียน,ประเทศ,,120.0,120000.0,ไม้ผล,ทุเรียน
2019-03-15,ข้าวหอมมะลิ,ประเทศ,,15.69433,15694.33,พืชไร่,ข้าว
2019-03-15,ข้าวปทุมธานี,ประเทศ,,10.379,10379.0,พืชไร่,ข้าว
2019-03-15,ข้าวเจ้าอื่น,ประเทศ,,7.6162600000000005,7616.26,พืชไร่,ข้าว
2019-03-15,ข้าวเหนียว,ประเทศ,,10.41583,10415.83,พืชไร่,ข้าว
2019-03-15,ข้าวโพดเลี้ยงสัตว์,ประเทศ,,8.07,8070.0,พืชไร่,ข้าวโพดเลี้ยงสัตว์
2019-03-15,มันสำปะหลัง,ประเทศ,,2.14,2140.0,พืชไร่,มันสำปะหลัง
2019-03-15,สับปะรดโรงงาน,ประเทศ,,4.47,4470.0,พืชไร่,สับปะรดโรงงาน
2019-03-15,ปาล์มน้ำมัน,ประเทศ,,2.12,2120.0,พืชยืนต้น,ปาล์มน้ำมัน
2019-03-15,มะพร้าว,ประเทศ,680.0,5.44,5440.0,พืชยืนต้น,มะพร้าว
2019-03-15,ยางพารา,ประเทศ,,43.66,43660.0,พืชยืนต้น,ยางพารา
2019-03-15,ลำไย,ประเทศ,,28.83,28830.0,ไม้ผล,ลำไย
2019-03-15,หอมแดง,ประเทศ,,9.31,9310.0,พืชผัก,หอมแดง
2019-03-15,สุกร,ประเทศ,,66.46,66460.0,ปศุสัตว์,สุกร
2019-03-15,ไก่เนื้อ,ประเทศ,,36.14,36140.0,ปศุสัตว์,ไก่เนื้อ
2019-03-15,ไข่ไก่,ประเทศ,260.0,2.08,2080.0,ปศุสัตว์,ไข่ไก่
2019-03-15,กุ้ง,ประเทศ,,149.04,149040.0,ประมง,กุ้ง
2019-03-15,กระเทียม,ประเทศ,,22.47,22470.0,พืชผัก,กระเทียม
2019-03-15,ทุเรียน,ประเทศ,,119.08,119080.0,ไม้ผล,ทุเรียน
2019-03-22,ข้าวหอมมะลิ,ประเทศ,,15.64052,15640.52,พืชไร่,ข้าว
2019-03-22,ข้าวปทุมธานี,ประเทศ,,10.49302,10493.02,พืชไร่,ข้าว
2019-03-22,ข้าวเจ้าอื่น,ประเทศ,,7.65353,7653.53,พืชไร่,ข้าว
2019-03-22,ข้าวเหนียว,ประเทศ,,10.336540000000001,10336.54,พืชไร่,ข้าว
2019-03-22,ข้าวโพดเลี้ยงสัตว์,ประเทศ,,8.06,8060.000000000001,พืชไร่,ข้าวโพดเลี้ยงสัตว์
2019-03-22,มันสำปะหลัง,ประเทศ,,2.15,2150.0,พืชไร่,มันสำปะหลัง
2019-03-22,สับปะรดโรงงาน,ประเทศ,,4.7,4700.0,พืชไร่,สับปะรดโรงงาน
2019-03-22,ปาล์มน้ำมัน,ประเทศ,,2.17,2170.0,พืชยืนต้น,ปาล์มน้ำมัน
2019-03-22,มะพร้าว,ประเทศ,686.19,5.489520000000001,5489.52,พืชยืนต้น,มะพร้าว
2019-03-22,ยางพารา,ประเทศ,,44.87,44870.0,พืชยืนต้น,ยางพารา
2019-03-22,ลำไย,ประเทศ,,28.83,28830.0,ไม้ผล,ลำไย
2019-03-22,หอมแดง,ประเทศ,,8.53,8530.0,พืชผัก,หอมแดง
2019-03-22,สุกร,ประเทศ,,67.18,67180.0,ปศุสัตว์,สุกร
2019-03-22,ไก่เนื้อ,ประเทศ,,36.13,36130.0,ปศุสัตว์,ไก่เนื้อ
2019-03-22,ไข่ไก่,ประเทศ,261.27,2.09016,2090.16,ปศุสัตว์,ไข่ไก่
2019-03-22,กุ้ง,ประเทศ,,151.12,151120.0,ประมง,กุ้ง
2019-03-22,กระเทียม,ประเทศ,,19.46,19460.0,พืชผัก,กระเทียม
2019-03-22,ทุเรียน,ประเทศ,,118.79,118790.0,ไม้ผล,ทุเรียน
2019-03-29,ข้าวหอมมะลิ,ประเทศ,,15.674719999999999,15674.72,พืชไร่,ข้าว
2019-03-29,ข้าวปทุมธานี,ประเทศ,,10.54776,10547.76,พืชไร่,ข้าว
2019-03-29,ข้าวเจ้าอื่น,ประเทศ,,7.71228,7712.28,พืชไร่,ข้าว
2019-03-29,ข้าวเหนียว,ประเทศ,,10.45499,10454.99,พืชไร่,ข้าว
2019-03-29,ข้าวโพดเลี้ยงสัตว์,ประเทศ,,7.94,7940.0,พืชไร่,ข้าวโพดเลี้ยงสัตว์
2019-03-29,มันสำปะหลัง,ประเทศ,,2.15,2150.0,พืชไร่,มันสำปะหลัง
2019-03-29,สับปะรดโรงงาน,ประเทศ,,5.05,5050.0,พืชไร่,สับปะรดโรงงาน
2019-03-29,ปาล์มน้ำมัน,ประเทศ,,2.2,2200.0,พืชยืนต้น,ปาล์มน้ำมัน
2019-03-29,มะพร้าว,ประเทศ,705.58,5.644640000000001,5644.64,พืชยืนต้น,มะพร้าว
2019-03-29,ยางพารา,ประเทศ,,44.5,44500.0,พืชยืนต้น,ยางพารา
2019-03-29,ลำไย,ประเทศ,,28.83,28830.0,ไม้ผล,ลำไย
2019-03-29,หอมแดง,ประเทศ,,7.54,7540.0,พืชผัก,หอมแดง
2019-03-29,สุกร,ประเทศ,,67.88,67880.0,ปศุสัตว์,สุกร
2019-03-29,ไก่เนื้อ,ประเทศ,,36.23,36230.0,ปศุสัตว์,ไก่เนื้อ
2019-03-29,ไข่ไก่,ประเทศ,263.07,2.1045599999999998,2104.56,ปศุสัตว์,ไข่ไก่
2019-03-29,กุ้ง,ประเทศ,,153.07,153070.0,ประมง,กุ้ง
2019-03-29,กระเทียม,ประเทศ,,19.46,19460.0,พืชผัก,กระเทียม
2019-03-29,ทุเรียน,ประเทศ,,118.79,118790.0,ไม้ผล,ทุเรียน
2019-04-05,ข้าวหอมมะลิ,ประเทศ,,15.66758,15667.58,พืชไร่,ข้าว
2019-04-05,ข้าวปทุมธานี,ประเทศ,,10.689020000000001,10689.02,พืชไร่,ข้าว
2019-04-05,ข้าวเจ้าอื่น,ประเทศ,,7.78533,7785.33,พืชไร่,ข้าว
2019-04-05,ข้าวเหนียว,ประเทศ,,10.62224,10622.24,พืชไร่,ข้าว
2019-04-05,ข้าวโพดเลี้ยงสัตว์,ประเทศ,,7.71,7710.0,พืชไร่,ข้าวโพดเลี้ยงสัตว์
2019-04-05,มันสำปะหลัง,ประเทศ,,2.12,2120.0,พืชไร่,มันสำปะหลัง
2019-04-05,สับปะรดโรงงาน,ประเทศ,,5.2,5200.0,พืชไร่,สับปะรดโรงงาน
2019-04-05,ปาล์มน้ำมัน,ประเทศ,,1.96,1960.0,พืชยืนต้น,ปาล์มน้ำมัน
2019-04-05,มะพร้าว,ประเทศ,699.39,5.59512,5595.12,พืชยืนต้น,มะพร้าว
2019-04-05,ยางพารา,ประเทศ,,45.44,45440.0,พืชยืนต้น,ยางพารา
2019-04-05,ลำไย,ประเทศ,,28.83,28830.0,ไม้ผล,ลำไย
2019-04-05,หอมแดง,ประเทศ,,7.86,7860.0,พืชผัก,หอมแดง
2019-04-05,สุกร,ประเทศ,,68.45,68450.0,ปศุสัตว์,สุกร
2019-04-05,ไก่เนื้อ,ประเทศ,,36.3,36300.0,ปศุสัตว์,ไก่เนื้อ
2019-04-05,ไข่ไก่,ประเทศ,266.03,2.12824,2128.24,ปศุสัตว์,ไข่ไก่
2019-04-05,กุ้ง,ประเทศ,,152.45,152450.0,ประมง,กุ้ง
2019-04-05,กระเทียม,ประเทศ,,19.46,19460.0,พืชผัก,กระเทียม
2019-04-05,ทุเรียน,ประเทศ,,104.15,104150.0,ไม้ผล,ทุเรียน
2019-04-05,มังคุด,ประเทศ,,41.92,41920.0,ไม้ผล,มังคุด
2019-04-05,เงาะ,ประเทศ,,38.0,38000.0,ไม้ผล,เงาะ
2019-04-19,ข้าวหอมมะลิ,ประเทศ,,15.60813,15608.13,พืชไร่,ข้าว
2019-04-19,ข้าวปทุมธานี,ประเทศ,,10.71242,10712.42,พืชไร่,ข้าว
2019-04-19,ข้าวเจ้าอื่น,ประเทศ,,7.87036,7870.36,พืชไร่,ข้าว
2019-04-19,ข้าวเหนียว,ประเทศ,,10.66769,10667.69,พืชไร่,ข้าว
2019-04-19,ข้าวโพดเลี้ยงสัตว์,ประเทศ,,7.88,7880.0,พืชไร่,ข้าวโพดเลี้ยงสัตว์
2019-04-19,มันสำปะหลัง,ประเทศ,,2.12,2120.0,พืชไร่,มันสำปะหลัง
2019-04-19,สับปะรดโรงงาน,ประเทศ,,5.49,5490.0,พืชไร่,สับปะรดโรงงาน
2019-04-19,ปาล์มน้ำมัน,ประเทศ,,1.96,1960.0,พืชยืนต้น,ปาล์มน้ำมัน
2019-04-19,มะพร้าว,ประเทศ,698.79,5.590319999999999,5590.32,พืชยืนต้น,มะพร้าว
2019-04-19,ยางพารา,ประเทศ,,47.57,47570.0,พืชยืนต้น,ยางพารา
2019-04-19,ลำไย,ประเทศ,,24.05,24050.0,ไม้ผล,ลำไย
2019-04-19,หอมแดง,ประเทศ,,7.75,7750.0,พืชผัก,หอมแดง
2019-04-19,สุกร,ประเทศ,,68.88,68880.0,ปศุสัตว์,สุกร
2019-04-19,ไก่เนื้อ,ประเทศ,,36.18,36180.0,ปศุสัตว์,ไก่เนื้อ
2019-04-19,ไข่ไก่,ประเทศ,263.66,2.10928,2109.28,ปศุสัตว์,ไข่ไก่
2019-04-19,กุ้ง,ประเทศ,,144.02,144020.0,ประมง,กุ้ง
2019-04-19,กระเทียม,ประเทศ,,32.91,32910.0,พืชผัก,กระเทียม
2019-04-19,ทุเรียน,ประเทศ,,80.51,80510.0,ไม้ผล,ทุเรียน
2019-04-19,มังคุด,ประเทศ,,39.67,39670.0,ไม้ผล,มังคุด
2019-04-19,เงาะ,ประเทศ,,20.0,20000.0,ไม้ผล,เงาะ
2019-04-26,ข้าวหอมมะลิ,ประเทศ,,15.662780000000001,15662.78,พืชไร่,ข้าว
2019-04-26,ข้าวปทุมธานี,ประเทศ,,10.899389999999999,10899.39,พืชไร่,ข้าว
2019-04-26,ข้าวเจ้าอื่น,ประเทศ,,7.85483,7854.83,พืชไร่,ข้าว
2019-04-26,ข้าวเหนียว,ประเทศ,,10.91308,10913.08,พืชไร่,ข้าว
2019-04-26,ข้าวโพดเลี้ยงสัตว์,ประเทศ,,7.86,7860.0,พืชไร่,ข้าวโพดเลี้ยงสัตว์
2019-04-26,มันสำปะหลัง,ประเทศ,,2.09,2090.0,พืชไร่,มันสำปะหลัง
2019-04-26,สับปะรดโรงงาน,ประเทศ,,5.77,5770.0,พืชไร่,สับปะรดโรงงาน
2019-04-26,ปาล์มน้ำมัน,ประเทศ,,1.82,1820.0,พืชยืนต้น,ปาล์มน้ำมัน
2019-04-26,มะพร้าว,ประเทศ,727.0,5.816,5816.0,พืชยืนต้น,มะพร้าว
2019-04-26,ยางพารา,ประเทศ,,47.72,47720.0,พืชยืนต้น,ยางพารา
2019-04-26,ลำไย,ประเทศ,,22.5,22500.0,ไม้ผล,ลำไย
2019-04-26,หอมแดง,ประเทศ,,8.85,8850.0,พืชผัก,หอมแดง
2019-04-26,สุกร,ประเทศ,,69.8,69800.0,ปศุสัตว์,สุกร
2019-04-26,ไก่เนื้อ,ประเทศ,,36.28,36280.0,ปศุสัตว์,ไก่เนื้อ
2019-04-26,ไข่ไก่,ประเทศ,262.77,2.10216,2102.16,ปศุสัตว์,ไข่ไก่
2019-04-26,กุ้ง,ประเทศ,,140.91,140910.0,ประมง,กุ้ง
2019-04-26,กระเทียม,ประเทศ,,32.91,32910.0,พืชผัก,กระเทียม
2019-04-26,ทุเรียน,ประเทศ,,84.64,84640.0,ไม้ผล,ทุเรียน
2019-04-26,มังคุด,ประเทศ,,60.26,60260.0,ไม้ผล,มังคุด
2019-04-26,เงาะ,ประเทศ,,19.0,19000.0,ไม้ผล,เงาะ
2019-05-03,ข้าวหอมมะลิ,ประเทศ,,15.694790000000001,15694.79,พืชไร่,ข้าว
2019-05-03,ข้าวปทุมธานี,ประเทศ,,10.47076,10470.76,พืชไร่,ข้าว
2019-05-03,ข้าวเจ้าอื่น,ประเทศ,,7.80408,7804.08,พืชไร่,ข้าว
2019-05-03,ข้าวเหนียว,ประเทศ,,11.080549999999999,11080.55,พืชไร่,ข้าว
2019-05-03,ข้าวโพดเลี้ยงสัตว์,ประเทศ,,7.53,7530.0,พืชไร่,ข้าวโพดเลี้ยงสัตว์
2019-05-03,มันสำปะหลัง,ประเทศ,,1.94,1940.0,พืชไร่,มันสำปะหลัง
2019-05-03,สับปะรดโรงงาน,ประเทศ,,5.96,5960.0,พืชไร่,สับปะรดโรงงาน
2019-05-03,ปาล์มน้ำมัน,ประเทศ,,1.76,1760.0,พืชยืนต้น,ปาล์มน้ำมัน
2019-05-03,มะพร้าว,ประเทศ,737.59,5.900720000000001,5900.72,พืชยืนต้น,มะพร้าว
2019-05-03,ยางพารา,ประเทศ,,47.78,47780.0,พืชยืนต้น,ยางพารา
2019-05-03,ลำไย,ประเทศ,,22.5,22500.0,ไม้ผล,ลำไย
2019-05-03,หอมแดง,ประเทศ,,13.0,13000.0,พืชผัก,หอมแดง
2019-05-03,สุกร,ประเทศ,,70.53,70530.0,ปศุสัตว์,สุกร
2019-05-03,ไก่เนื้อ,ประเทศ,,36.63,36630.0,ปศุสัตว์,ไก่เนื้อ
2019-05-03,ไข่ไก่,ประเทศ,263.43,2.10744,2107.44,ปศุสัตว์,ไข่ไก่
2019-05-03,กุ้ง,ประเทศ,,139.25,139250.0,ประมง,กุ้ง
2019-05-03,กระเทียม,ประเทศ,,32.91,32910.0,พืชผัก,กระเทียม
2019-05-03,ทุเรียน,ประเทศ,,87.99,87990.0,ไม้ผล,ทุเรียน
2019-05-03,มังคุด,ประเทศ,,55.97,55970.0,ไม้ผล,มังคุด
2019-05-03,เงาะ,ประเทศ,,20.47,20470.0,ไม้ผล,เงาะ
2019-05-10,ข้าวหอมมะลิ,ประเทศ,,15.688,15688.0,พืชไร่,ข้าว
2019-05-10,ข้าวปทุมธานี,ประเทศ,,10.182360000000001,10182.36,พืชไร่,ข้าว
2019-05-10,ข้าวเจ้าอื่น,ประเทศ,,7.89213,7892.13,พืชไร่,ข้าว
2019-05-10,ข้าวเหนียว,ประเทศ,,11.13923,11139.23,พืชไร่,ข้าว
2019-05-10,ข้าวโพดเลี้ยงสัตว์,ประเทศ,,7.33,7330.0,พืชไร่,ข้าวโพดเลี้ยงสัตว์
2019-05-10,มันสำปะหลัง,ประเทศ,,1.88,1880.0,พืชไร่,มันสำปะหลัง
2019-05-10,สับปะรดโรงงาน,ประเทศ,,6.03,6030.0,พืชไร่,สับปะรดโรงงาน
2019-05-10,ปาล์มน้ำมัน,ประเทศ,,1.79,1790.0,พืชยืนต้น,ปาล์มน้ำมัน
2019-05-10,มะพร้าว,ประเทศ,720.61,5.76488,5764.88,พืชยืนต้น,มะพร้าว
2019-05-10,ยางพารา,ประเทศ,,46.86,46860.0,พืชยืนต้น,ยางพารา
2019-05-10,ลำไย,ประเทศ,,22.5,22500.0,ไม้ผล,ลำไย
2019-05-10,หอมแดง,ประเทศ,,14.0,14000.0,พืชผัก,หอมแดง
2019-05-10,สุกร,ประเทศ,,70.94,70940.0,ปศุสัตว์,สุกร
2019-05-10,ไก่เนื้อ,ประเทศ,,36.75,36750.0,ปศุสัตว์,ไก่เนื้อ
2019-05-10,ไข่ไก่,ประเทศ,271.03,2.16824,2168.24,ปศุสัตว์,ไข่ไก่
2019-05-10,กุ้ง,ประเทศ,,136.53,136530.0,ประมง,กุ้ง
2019-05-10,กระเทียม,ประเทศ,,32.91,32910.0,พืชผัก,กระเทียม
2019-05-10,ทุเรียน,ประเทศ,,110.73,110730.0,ไม้ผล,ทุเรียน
2019-05-10,มังคุด,ประเทศ,,59.14,59140.0,ไม้ผล,มังคุด
2019-05-10,เงาะ,ประเทศ,,23.68,23680.0,ไม้ผล,เงาะ
2019-05-17,ข้าวหอมมะลิ,ประเทศ,,15.720360000000001,15720.36,พืชไร่,ข้าว
2019-05-17,ข้าวปทุมธานี,ประเทศ,,9.802629999999999,9802.63,พืชไร่,ข้าว
2019-05-17,ข้าวเจ้าอื่น,ประเทศ,,7.852810000000001,7852.81,พืชไร่,ข้าว
2019-05-17,ข้าวเหนียว,ประเทศ,,11.116629999999999,11116.63,พืชไร่,ข้าว
2019-05-17,ข้าวโพดเลี้ยงสัตว์,ประเทศ,,7.29,7290.0,พืชไร่,ข้าวโพดเลี้ยงสัตว์
2019-05-17,มันสำปะหลัง,ประเทศ,,1.83,1830.0,พืชไร่,มันสำปะหลัง
2019-05-17,สับปะรดโรงงาน,ประเทศ,,6.37,6370.0,พืชไร่,สับปะรดโรงงาน
2019-05-17,ปาล์มน้ำมัน,ประเทศ,,1.86,1860.0,พืชยืนต้น,ปาล์มน้ำมัน
2019-05-17,มะพร้าว,ประเทศ,704.02,5.63216,5632.16,พืชยืนต้น,มะพร้าว
2019-05-17,ยางพารา,ประเทศ,,46.52,46520.0,พืชยืนต้น,ยางพารา
2019-05-17,ลำไย,ประเทศ,,22.5,22500.0,ไม้ผล,ลำไย
2019-05-17,หอมแดง,ประเทศ,,16.0,16000.0,พืชผัก,หอมแดง
2019-05-17,สุกร,ประเทศ,,71.54,71540.0,ปศุสัตว์,สุกร
2019-05-17,ไก่เนื้อ,ประเทศ,,36.69,36690.0,ปศุสัตว์,ไก่เนื้อ
2019-05-17,ไข่ไก่,ประเทศ,273.0,2.184,2184.0,ปศุสัตว์,ไข่ไก่
2019-05-17,กุ้ง,ประเทศ,,142.13,142130.0,ประมง,กุ้ง
2019-05-17,กระเทียม,ประเทศ,,32.91,32910.0,พืชผัก,กระเทียม
2019-05-17,ทุเรียน,ประเทศ,,125.51,125510.0,ไม้ผล,ทุเรียน
2019-05-17,มังคุด,ประเทศ,,63.72,63720.0,ไม้ผล,มังคุด
2019-05-17,เงาะ,ประเทศ,,24.46,24460.0,ไม้ผล,เงาะ
2019-05-24,ข้าวหอมมะลิ,ประเทศ,,15.74696,15746.96,พืชไร่,ข้าว
2019-05-24,ข้าวปทุมธานี,ประเทศ,,9.768360000000001,9768.36,พืชไร่,ข้าว
2019-05-24,ข้าวเจ้าอื่น,ประเทศ,,7.79314,7793.14,พืชไร่,ข้าว
2019-05-24,ข้าวเหนียว,ประเทศ,,11.68729,11687.29,พืชไร่,ข้าว
2019-05-24,ข้าวโพดเลี้ยงสัตว์,ประเทศ,,7.65,7650.0,พืชไร่,ข้าวโพดเลี้ยงสัตว์
2019-05-24,มันสำปะหลัง,ประเทศ,,1.76,1760.0,พืชไร่,มันสำปะหลัง
2019-05-24,สับปะรดโรงงาน,ประเทศ,,6.84,6840.0,พืชไร่,สับปะรดโรงงาน
2019-05-24,ปาล์มน้ำมัน,ประเทศ,,2.04,2040.0,พืชยืนต้น,ปาล์มน้ำมัน
2019-05-24,มะพร้าว,ประเทศ,740.94,5.92752,5927.52,พืชยืนต้น,มะพร้าว
2019-05-24,ยางพารา,ประเทศ,,47.87,47870.0,พืชยืนต้น,ยางพารา
2019-05-24,ลำไย,ประเทศ,,22.5,22500.0,ไม้ผล,ลำไย
2019-05-24,หอมแดง,ประเทศ,,16.0,16000.0,พืชผัก,หอมแดง
2019-05-24,สุกร,ประเทศ,,73.45,73450.0,ปศุสัตว์,สุกร
2019-05-24,ไก่เนื้อ,ประเทศ,,37.49,37490.0,ปศุสัตว์,ไก่เนื้อ
2019-05-24,ไข่ไก่,ประเทศ,283.21,2.2656799999999997,2265.68,ปศุสัตว์,ไข่ไก่
2019-05-24,กุ้ง,ประเทศ,,137.09,137090.0,ประมง,กุ้ง
2019-05-24,กระเทียม,ประเทศ,,32.91,32910.0,พืชผัก,กระเทียม
2019-05-24,ทุเรียน,ประเทศ,,116.5,116500.0,ไม้ผล,ทุเรียน
2019-05-24,มังคุด,ประเทศ,,40.0,40000.0,ไม้ผล,มังคุด
2019-05-24,เงาะ,ประเทศ,,26.5,26500.0,ไม้ผล,เงาะ
2019-05-31,ข้าวหอมมะลิ,ประเทศ,,15.77963,15779.63,พืชไร่,ข้าว
2019-05-31,ข้าวปทุมธานี,ประเทศ,,10.09135,10091.35,พืชไร่,ข้าว
2019-05-31,ข้าวเจ้าอื่น,ประเทศ,,7.82618,7826.18,พืชไร่,ข้าว
2019-05-31,ข้าวเหนียว,ประเทศ,,11.814,11814.0,พืชไร่,ข้าว
2019-05-31,ข้าวโพดเลี้ยงสัตว์,ประเทศ,,7.67,7670.0,พืชไร่,ข้าวโพดเลี้ยงสัตว์
2019-05-31,มันสำปะหลัง,ประเทศ,,1.72,1720.0,พืชไร่,มันสำปะหลัง
2019-05-31,สับปะรดโรงงาน,ประเทศ,,7.19,7190.0,พืชไร่,สับปะรดโรงงาน
2019-05-31,ปาล์มน้ำมัน,ประเทศ,,2.27,2270.0,พืชยืนต้น,ปาล์มน้ำมัน
2019-05-31,มะพร้าว,ประเทศ,675.71,5.40568,5405.68,พืชยืนต้น,มะพร้าว
2019-05-31,ยางพารา,ประเทศ,,47.91,47910.0,พืชยืนต้น,ยางพารา
2019-05-31,ลำไย,ประเทศ,,22.5,22500.0,ไม้ผล,ลำไย
2019-05-31,หอมแดง,ประเทศ,,16.0,16000.0,พืชผัก,หอมแดง
2019-05-31,สุกร,ประเทศ,,71.63,71630.0,ปศุสัตว์,สุกร
2019-05-31,ไก่เนื้อ,ประเทศ,,36.54,36540.0,ปศุสัตว์,ไก่เนื้อ
2019-05-31,ไข่ไก่,ประเทศ,280.07,2.24056,2240.56,ปศุสัตว์,ไข่ไก่
2019-05-31,กุ้ง,ประเทศ,,139.13,139130.0,ประมง,กุ้ง
2019-05-31,กระเทียม,ประเทศ,,32.91,32910.0,พืชผัก,กระเทียม
2019-05-31,ทุเรียน,ประเทศ,,127.44,127440.0,ไม้ผล,ทุเรียน
2019-05-31,มังคุด,ประเทศ,,54.89,54890.0,ไม้ผล,มังคุด
2019-05-31,เงาะ,ประเทศ,,27.82,27820.0,ไม้ผล,เงาะ
2019-06-07,ข้าวหอมมะลิ,ประเทศ,,15.78925,15789.25,พืชไร่,ข้าว
2019-06-07,ข้าวปทุมธานี,ประเทศ,,9.73319,9733.19,พืชไร่,ข้าว
2019-06-07,ข้าวเจ้าอื่น,ประเทศ,,7.8088500000000005,7808.85,พืชไร่,ข้าว
2019-06-07,ข้าวเหนียว,ประเทศ,,11.44113,11441.13,พืชไร่,ข้าว
2019-06-07,ข้าวโพดเลี้ยงสัตว์,ประเทศ,,7.72,7720.0,พืชไร่,ข้าวโพดเลี้ยงสัตว์
2019-06-07,มันสำปะหลัง,ประเทศ,,1.64,1640.0,พืชไร่,มันสำปะหลัง
2019-06-07,สับปะรดโรงงาน,ประเทศ,,7.42,7420.0,พืชไร่,สับปะรดโรงงาน
2019-06-07,ปาล์มน้ำมัน,ประเทศ,,2.47,2470.0,พืชยืนต้น,ปาล์มน้ำมัน
2019-06-07,มะพร้าว,ประเทศ,679.95,5.4396,5439.6,พืชยืนต้น,มะพร้าว
2019-06-07,ยางพารา,ประเทศ,,49.4,49400.0,พืชยืนต้น,ยางพารา
2019-06-07,ลำไย,ประเทศ,,22.5,22500.0,ไม้ผล,ลำไย
2019-06-07,สุกร,ประเทศ,,71.82,71820.0,ปศุสัตว์,สุกร
2019-06-07,ไก่เนื้อ,ประเทศ,,36.57,36570.0,ปศุสัตว์,ไก่เนื้อ
2019-06-07,ไข่ไก่,ประเทศ,274.0,2.192,2192.0,ปศุสัตว์,ไข่ไก่
2019-06-07,กุ้ง,ประเทศ,,136.83,136830.0,ประมง,กุ้ง
2019-06-07,กระเทียม,ประเทศ,,32.91,32910.0,พืชผัก,กระเทียม
2019-06-07,ทุเรียน,ประเทศ,,130.19,130190.0,ไม้ผล,ทุเรียน
2019-06-07,มังคุด,ประเทศ,,83.93,83930.0,ไม้ผล,มังคุด
2019-06-07,เงาะ,ประเทศ,,30.0,30000.0,ไม้ผล,เงาะ
2019-06-14,ข้าวหอมมะลิ,ประเทศ,,15.794379999999999,15794.38,พืชไร่,ข้าว
2019-06-14,ข้าวปทุมธานี,ประเทศ,,9.60467,9604.67,พืชไร่,ข้าว
2019-06-14,ข้าวเจ้าอื่น,ประเทศ,,7.78681,7786.81,พืชไร่,ข้าว
2019-06-14,ข้าวเหนียว,ประเทศ,,11.76828,11768.28,พืชไร่,ข้าว
2019-06-14,ข้าวโพดเลี้ยงสัตว์,ประเทศ,,7.83,7830.0,พืชไร่,ข้าวโพดเลี้ยงสัตว์
2019-06-14,มันสำปะหลัง,ประเทศ,,1.64,1640.0,พืชไร่,มันสำปะหลัง
2019-06-14,สับปะรดโรงงาน,ประเทศ,,7.5,7500.0,พืชไร่,สับปะรดโรงงาน
2019-06-14,ปาล์มน้ำมัน,ประเทศ,,2.82,2820.0,พืชยืนต้น,ปาล์มน้ำมัน
2019-06-14,มะพร้าว,ประเทศ,643.54,5.14832,5148.32,พืชยืนต้น,มะพร้าว
2019-06-14,ยางพารา,ประเทศ,,50.06,50060.0,พืชยืนต้น,ยางพารา
2019-06-14,ลำไย,ประเทศ,,22.5,22500.0,ไม้ผล,ลำไย
2019-06-14,สุกร,ประเทศ,,71.76,71760.0,ปศุสัตว์,สุกร
2019-06-14,ไก่เนื้อ,ประเทศ,,36.58,36580.0,ปศุสัตว์,ไก่เนื้อ
2019-06-14,ไข่ไก่,ประเทศ,280.36,2.24288,2242.88,ปศุสัตว์,ไข่ไก่
2019-06-14,กุ้ง,ประเทศ,,140.27,140270.0,ประมง,กุ้ง
2019-06-14,กระเทียม,ประเทศ,,32.91,32910.0,พืชผัก,กระเทียม
2019-06-14,ทุเรียน,ประเทศ,,132.03,132030.0,ไม้ผล,ทุเรียน
2019-06-14,มังคุด,ประเทศ,,59.08,59080.0,ไม้ผล,มังคุด
2019-06-14,เงาะ,ประเทศ,,29.44,29440.0,ไม้ผล,เงาะ
2019-06-21,ข้าวหอมมะลิ,ประเทศ,,15.77414,15774.14,พืชไร่,ข้าว
2019-06-21,ข้าวปทุมธานี,ประเทศ,,9.58993,9589.93,พืชไร่,ข้าว
2019-06-21,ข้าวเจ้าอื่น,ประเทศ,,7.76218,7762.18,พืชไร่,ข้าว
2019-06-21,ข้าวเหนียว,ประเทศ,,12.076780000000001,12076.78,พืชไร่,ข้าว
2019-06-21,ข้าวโพดเลี้ยงสัตว์,ประเทศ,,7.86,7860.0,พืชไร่,ข้าวโพดเลี้ยงสัตว์
2019-06-21,มันสำปะหลัง,ประเทศ,,1.65,1650.0,พืชไร่,มันสำปะหลัง
2019-06-21,สับปะรดโรงงาน,ประเทศ,,7.29,7290.0,พืชไร่,สับปะรดโรงงาน
2019-06-21,ปาล์มน้ำมัน,ประเทศ,,3.19,3190.0,พืชยืนต้น,ปาล์มน้ำมัน
2019-06-21,มะพร้าว,ประเทศ,619.99,4.95992,4959.92,พืชยืนต้น,มะพร้าว
2019-06-21,ยางพารา,ประเทศ,,50.73,50730.0,พืชยืนต้น,ยางพารา
2019-06-21,ลำไย,ประเทศ,,21.5,21500.0,ไม้ผล,ลำไย
2019-06-21,สุกร,ประเทศ,,72.0,72000.0,ปศุสัตว์,สุกร
2019-06-21,ไก่เนื้อ,ประเทศ,,36.58,36580.0,ปศุสัตว์,ไก่เนื้อ
2019-06-21,ไข่ไก่,ประเทศ,282.42,2.25936,2259.36,ปศุสัตว์,ไข่ไก่
2019-06-21,กุ้ง,ประเทศ,,140.92,140920.0,ประมง,กุ้ง
2019-06-21,ทุเรียน,ประเทศ,,120.88,120880.0,ไม้ผล,ทุเรียน
2019-06-21,มังคุด,ประเทศ,,33.98,33980.0,ไม้ผล,มังคุด
2019-06-21,เงาะ,ประเทศ,,26.61,26610.0,ไม้ผล,เงาะ
2019-06-28,ข้าวหอมมะลิ,ประเทศ,,15.7261,15726.1,พืชไร่,ข้าว
2019-06-28,ข้าวปทุมธานี,ประเทศ,,9.46608,9466.08,พืชไร่,ข้าว
2019-06-28,ข้าวเจ้าอื่น,ประเทศ,,7.77134,7771.34,พืชไร่,ข้าว
2019-06-28,ข้าวเหนียว,ประเทศ,,12.08465,12084.65,พืชไร่,ข้าว
2019-06-28,ข้าวโพดเลี้ยงสัตว์,ประเทศ,,7.87,7870.0,พืชไร่,ข้าวโพดเลี้ยงสัตว์
2019-06-28,มันสำปะหลัง,ประเทศ,,1.66,1660.0,พืชไร่,มันสำปะหลัง
2019-06-28,สับปะรดโรงงาน,ประเทศ,,6.53,6530.0,พืชไร่,สับปะรดโรงงาน
2019-06-28,ปาล์มน้ำมัน,ประเทศ,,3.39,3390.0,พืชยืนต้น,ปาล์มน้ำมัน
2019-06-28,มะพร้าว,ประเทศ,619.88,4.95904,4959.04,พืชยืนต้น,มะพร้าว
2019-06-28,ยางพารา,ประเทศ,,52.17,52170.0,พืชยืนต้น,ยางพารา
2019-06-28,ลำไย,ประเทศ,,22.5,22500.0,ไม้ผล,ลำไย
2019-06-28,สุกร,ประเทศ,,72.48,72480.0,ปศุสัตว์,สุกร
2019-06-28,ไก่เนื้อ,ประเทศ,,36.58,36580.0,ปศุสัตว์,ไก่เนื้อ
2019-06-28,ไข่ไก่,ประเทศ,284.81,2.27848,2278.48,ปศุสัตว์,ไข่ไก่
2019-06-28,กุ้ง,ประเทศ,,148.19,148190.0,ประมง,กุ้ง
2019-06-28,ทุเรียน,ประเทศ,,104.3,104300.0,ไม้ผล,ทุเรียน
2019-06-28,มังคุด,ประเทศ,,25.79,25790.0,ไม้ผล,มังคุด
2019-06-28,เงาะ,ประเทศ,,26.91,26910.0,ไม้ผล,เงาะ
2019-07-05,ข้าวหอมมะลิ,ประเทศ,,15.49302,15493.02,พืชไร่,ข้าว
2019-07-05,ข้าวปทุมธานี,ประเทศ,,9.406889999999999,9406.89,พืชไร่,ข้าว
2019-07-05,ข้าวเจ้าอื่น,ประเทศ,,7.68678,7686.78,พืชไร่,ข้าว
2019-07-05,ข้าวเหนียว,ประเทศ,,12.20518,12205.18,พืชไร่,ข้าว
2019-07-05,ข้าวโพดเลี้ยงสัตว์,ประเทศ,,7.87,7870.0,พืชไร่,ข้าวโพดเลี้ยงสัตว์
2019-07-05,มันสำปะหลัง,ประเทศ,,1.63,1630.0,พืชไร่,มันสำปะหลัง
2019-07-05,สับปะรดโรงงาน,ประเทศ,,6.18,6180.0,พืชไร่,สับปะรดโรงงาน
2019-07-05,ปาล์มน้ำมัน,ประเทศ,,3.24,3240.0,พืชยืนต้น,ปาล์มน้ำมัน
2019-07-05,มะพร้าว,ประเทศ,630.32,5.042560000000001,5042.56,พืชยืนต้น,มะพร้าว
2019-07-05,ยางพารา,ประเทศ,,48.75,48750.0,พืชยืนต้น,ยางพารา
2019-07-05,ลำไย,ประเทศ,,22.5,22500.0,ไม้ผล,ลำไย
2019-07-05,สุกร,ประเทศ,,71.56,71560.0,ปศุสัตว์,สุกร
2019-07-05,ไก่เนื้อ,ประเทศ,,36.58,36580.0,ปศุสัตว์,ไก่เนื้อ
2019-07-05,ไข่ไก่,ประเทศ,282.82,2.26256,2262.56,ปศุสัตว์,ไข่ไก่
2019-07-05,กุ้ง,ประเทศ,,148.92,148920.0,ประมง,กุ้ง
2019-07-05,ทุเรียน,ประเทศ,,98.04,98040.0,ไม้ผล,ทุเรียน
2019-07-05,มังคุด,ประเทศ,,25.71,25710.0,ไม้ผล,มังคุด
2019-07-05,เงาะ,ประเทศ,,28.63,28630.0,ไม้ผล,เงาะ
2019-07-12,ข้าวหอมมะลิ,ประเทศ,,15.45599,15455.99,พืชไร่,ข้าว
2019-07-12,ข้าวปทุมธานี,ประเทศ,,9.609,9609.0,พืชไร่,ข้าว
2019-07-12,ข้าวเจ้าอื่น,ประเทศ,,7.688,7688.0,พืชไร่,ข้าว
2019-07-12,ข้าวเหนียว,ประเทศ,,11.91768,11917.68,พืชไร่,ข้าว
2019-07-12,ข้าวโพดเลี้ยงสัตว์,ประเทศ,,7.95,7950.0,พืชไร่,ข้าวโพดเลี้ยงสัตว์
2019-07-12,มันสำปะหลัง,ประเทศ,,1.65,1650.0,พืชไร่,มันสำปะหลัง
2019-07-12,สับปะรดโรงงาน,ประเทศ,,6.13,6130.0,พืชไร่,สับปะรดโรงงาน
2019-07-12,ปาล์มน้ำมัน,ประเทศ,,2.96,2960.0,พืชยืนต้น,ปาล์มน้ำมัน
2019-07-12,มะพร้าว,ประเทศ,640.91,5.12728,5127.28,พืชยืนต้น,มะพร้าว
2019-07-12,ยางพารา,ประเทศ,,44.99,44990.0,พืชยืนต้น,ยางพารา
2019-07-12,ลำไย,ประเทศ,,23.5,23500.0,ไม้ผล,ลำไย
2019-07-12,สุกร,ประเทศ,,71.37,71370.0,ปศุสัตว์,สุกร
2019-07-12,ไก่เนื้อ,ประเทศ,,37.04,37040.0,ปศุสัตว์,ไก่เนื้อ
2019-07-12,ไข่ไก่,ประเทศ,284.91,2.2792800000000004,2279.28,ปศุสัตว์,ไข่ไก่
2019-07-12,กุ้ง,ประเทศ,,145.99,145990.0,ประมง,กุ้ง
2019-07-12,ทุเรียน,ประเทศ,,99.0,99000.0,ไม้ผล,ทุเรียน
2019-07-12,มังคุด,ประเทศ,,27.86,27860.0,ไม้ผล,มังคุด
2019-07-12,เงาะ,ประเทศ,,33.18,33180.0,ไม้ผล,เงาะ
2019-07-12,ลองกอง,ประเทศ,,35.0,35000.0,ไม้ผล,ลองกอง
2019-07-19,ข้าวหอมมะลิ,ประเทศ,,15.5315,15531.5,พืชไร่,ข้าว
2019-07-19,ข้าวปทุมธานี,ประเทศ,,9.1456,9145.6,พืชไร่,ข้าว
2019-07-19,ข้าวเจ้าอื่น,ประเทศ,,7.718,7718.0,พืชไร่,ข้าว
2019-07-19,ข้าวเหนียว,ประเทศ,,11.76045,11760.45,พืชไร่,ข้าว
2019-07-19,ข้าวโพดเลี้ยงสัตว์,ประเทศ,,7.62,7620.0,พืชไร่,ข้าวโพดเลี้ยงสัตว์
2019-07-19,มันสำปะหลัง,ประเทศ,,1.66,1660.0,พืชไร่,มันสำปะหลัง
2019-07-19,สับปะรดโรงงาน,ประเทศ,,6.24,6240.0,พืชไร่,สับปะรดโรงงาน
2019-07-19,ปาล์มน้ำมัน,ประเทศ,,2.34,2340.0,พืชยืนต้น,ปาล์มน้ำมัน
2019-07-19,มะพร้าว,ประเทศ,607.91,4.86328,4863.28,พืชยืนต้น,มะพร้าว
2019-07-19,ยางพารา,ประเทศ,,45.14,45140.0,พืชยืนต้น,ยางพารา
2019-07-19,ลำไย,ประเทศ,,25.29,25290.0,ไม้ผล,ลำไย
2019-07-19,สุกร,ประเทศ,,70.82,70820.0,ปศุสัตว์,สุกร
2019-07-19,ไก่เนื้อ,ประเทศ,,37.14,37140.0,ปศุสัตว์,ไก่เนื้อ
2019-07-19,ไข่ไก่,ประเทศ,286.0,2.288,2288.0,ปศุสัตว์,ไข่ไก่
2019-07-19,กุ้ง,ประเทศ,,145.34,145340.0,ประมง,กุ้ง
2019-07-19,ทุเรียน,ประเทศ,,99.47,99470.0,ไม้ผล,ทุเรียน
2019-07-19,มังคุด,ประเทศ,,24.5,24500.0,ไม้ผล,มังคุด
2019-07-19,เงาะ,ประเทศ,,32.47,32470.0,ไม้ผล,เงาะ
2019-07-19,ลองกอง,ประเทศ,,35.0,35000.0,ไม้ผล,ลองกอง
2019-07-26,ข้าวหอมมะลิ,ประเทศ,,15.551879999999999,15551.88,พืชไร่,ข้าว
2019-07-26,ข้าวปทุมธานี,ประเทศ,,9.42855,9428.55,พืชไร่,ข้าว
2019-07-26,ข้าวเจ้าอื่น,ประเทศ,,7.6826300000000005,7682.63,พืชไร่,ข้าว
2019-07-26,ข้าวเหนียว,ประเทศ,,11.87137,11871.37,พืชไร่,ข้าว
2019-07-26,ข้าวโพดเลี้ยงสัตว์,ประเทศ,,7.33,7330.0,พืชไร่,ข้าวโพดเลี้ยงสัตว์
2019-07-26,มันสำปะหลัง,ประเทศ,,1.67,1670.0,พืชไร่,มันสำปะหลัง
2019-07-26,สับปะรดโรงงาน,ประเทศ,,6.2,6200.0,พืชไร่,สับปะรดโรงงาน
2019-07-26,ปาล์มน้ำมัน,ประเทศ,,2.07,2070.0,พืชยืนต้น,ปาล์มน้ำมัน
2019-07-26,มะพร้าว,ประเทศ,585.55,4.684399999999999,4684.4,พืชยืนต้น,มะพร้าว
2019-07-26,ยางพารา,ประเทศ,,44.53,44530.0,พืชยืนต้น,ยางพารา
2019-07-26,ลำไย,ประเทศ,,32.8,32800.0,ไม้ผล,ลำไย
2019-07-26,สุกร,ประเทศ,,69.7,69700.0,ปศุสัตว์,สุกร
2019-07-26,ไก่เนื้อ,ประเทศ,,36.5,36500.0,ปศุสัตว์,ไก่เนื้อ
2019-07-26,ไข่ไก่,ประเทศ,282.36,2.25888,2258.88,ปศุสัตว์,ไข่ไก่
2019-07-26,กุ้ง,ประเทศ,,140.55,140550.0,ประมง,กุ้ง
2019-07-26,ทุเรียน,ประเทศ,,85.35,85350.0,ไม้ผล,ทุเรียน
2019-07-26,มังคุด,ประเทศ,,14.78,14780.0,ไม้ผล,มังคุด
2019-07-26,เงาะ,ประเทศ,,21.84,21840.0,ไม้ผล,เงาะ
2019-07-26,ลองกอง,ประเทศ,,35.0,35000.0,ไม้ผล,ลองกอง
2019-08-02,ข้าวหอมมะลิ,ประเทศ,,15.692120000000001,15692.12,พืชไร่,ข้าว
2019-08-02,ข้าวปทุมธานี,ประเทศ,,9.91376,9913.76,พืชไร่,ข้าว
2019-08-02,ข้าวเจ้าอื่น,ประเทศ,,7.71792,7717.92,พืชไร่,ข้าว
2019-08-02,ข้าวเหนียว,ประเทศ,,11.94933,11949.33,พืชไร่,ข้าว
2019-08-02,ข้าวโพดเลี้ยงสัตว์,ประเทศ,,7.27,7270.0,พืชไร่,ข้าวโพดเลี้ยงสัตว์
2019-08-02,มันสำปะหลัง,ประเทศ,,1.67,1670.0,พืชไร่,มันสำปะหลัง
2019-08-02,สับปะรดโรงงาน,ประเทศ,,6.1,6100.0,พืชไร่,สับปะรดโรงงาน
2019-08-02,ปาล์มน้ำมัน,ประเทศ,,2.02,2020.0,พืชยืนต้น,ปาล์มน้ำมัน
2019-08-02,มะพร้าว,ประเทศ,600.84,4.80672,4806.72,พืชยืนต้น,มะพร้าว
2019-08-02,ยางพารา,ประเทศ,,40.51,40510.0,พืชยืนต้น,ยางพารา
2019-08-02,ลำไย,ประเทศ,,28.51,28510.0,ไม้ผล,ลำไย
2019-08-02,สุกร,ประเทศ,,69.89,69890.0,ปศุสัตว์,สุกร
2019-08-02,ไก่เนื้อ,ประเทศ,,36.5,36500.0,ปศุสัตว์,ไก่เนื้อ
2019-08-02,ไข่ไก่,ประเทศ,285.74,2.28592,2285.92,ปศุสัตว์,ไข่ไก่
2019-08-02,กุ้ง,ประเทศ,,145.97,145970.0,ประมง,กุ้ง
2019-08-02,ทุเรียน,ประเทศ,,79.04,79040.0,ไม้ผล,ทุเรียน
2019-08-02,มังคุด,ประเทศ,,12.23,12230.0,ไม้ผล,มังคุด
2019-08-02,เงาะ,ประเทศ,,17.1,17100.0,ไม้ผล,เงาะ
2019-08-02,ลองกอง,ประเทศ,,35.0,35000.0,ไม้ผล,ลองกอง
2019-08-09,ข้าวหอมมะลิ,ประเทศ,,15.837,15837.0,พืชไร่,ข้าว
2019-08-09,ข้าวปทุมธานี,ประเทศ,,9.97334,9973.34,พืชไร่,ข้าว
2019-08-09,ข้าวเจ้าอื่น,ประเทศ,,7.90686,7906.86,พืชไร่,ข้าว
2019-08-09,ข้าวเหนียว,ประเทศ,,13.37333,13373.33,พืชไร่,ข้าว
2019-08-09,ข้าวโพดเลี้ยงสัตว์,ประเทศ,,7.26,7260.0,พืชไร่,ข้าวโพดเลี้ยงสัตว์
2019-08-09,มันสำปะหลัง,ประเทศ,,1.7,1700.0,พืชไร่,มันสำปะหลัง
2019-08-09,สับปะรดโรงงาน,ประเทศ,,6.3,6300.0,พืชไร่,สับปะรดโรงงาน
2019-08-09,ปาล์มน้ำมัน,ประเทศ,,2.26,2260.0,พืชยืนต้น,ปาล์มน้ำมัน
2019-08-09,มะพร้าว,ประเทศ,690.8,5.5264,5526.4,พืชยืนต้น,มะพร้าว
2019-08-09,ยางพารา,ประเทศ,,38.0,38000.0,พืชยืนต้น,ยางพารา
2019-08-09,ลำไย,ประเทศ,,28.27,28270.0,ไม้ผล,ลำไย
2019-08-09,สุกร,ประเทศ,,69.85,69850.0,ปศุสัตว์,สุกร
2019-08-09,ไก่เนื้อ,ประเทศ,,36.43,36430.0,ปศุสัตว์,ไก่เนื้อ
2019-08-09,ไข่ไก่,ประเทศ,288.25,2.306,2306.0,ปศุสัตว์,ไข่ไก่
2019-08-09,กุ้ง,ประเทศ,,144.67,144670.0,ประมง,กุ้ง
2019-08-09,ทุเรียน,ประเทศ,,69.0,69000.0,ไม้ผล,ทุเรียน
2019-08-09,มังคุด,ประเทศ,,10.46,10460.0,ไม้ผล,มังคุด
2019-08-09,เงาะ,ประเทศ,,19.13,19130.0,ไม้ผล,เงาะ
2019-08-09,ลองกอง,ประเทศ,,35.0,35000.0,ไม้ผล,ลองกอง
2019-08-16,ข้าวหอมมะลิ,ประเทศ,,16.08731,16087.31,พืชไร่,ข้าว
2019-08-16,ข้าวปทุมธานี,ประเทศ,,10.03665,10036.65,พืชไร่,ข้าว
2019-08-16,ข้าวเจ้าอื่น,ประเทศ,,7.95852,7958.52,พืชไร่,ข้าว
2019-08-16,ข้าวเหนียว,ประเทศ,,12.21,12210.0,พืชไร่,ข้าว
2019-08-16,ข้าวโพดเลี้ยงสัตว์,ประเทศ,,7.53,7530.0,พืชไร่,ข้าวโพดเลี้ยงสัตว์
2019-08-16,มันสำปะหลัง,ประเทศ,,1.73,1730.0,พืชไร่,มันสำปะหลัง
2019-08-16,สับปะรดโรงงาน,ประเทศ,,6.53,6530.0,พืชไร่,สับปะรดโรงงาน
2019-08-16,ปาล์มน้ำมัน,ประเทศ,,2.38,2380.0,พืชยืนต้น,ปาล์มน้ำมัน
2019-08-16,มะพร้าว,ประเทศ,670.0,5.36,5360.0,พืชยืนต้น,มะพร้าว
2019-08-16,ยางพารา,ประเทศ,,38.2,38200.0,พืชยืนต้น,ยางพารา
2019-08-16,ลำไย,ประเทศ,,28.27,28270.0,ไม้ผล,ลำไย
2019-08-16,สุกร,ประเทศ,,69.42,69420.0,ปศุสัตว์,สุกร
2019-08-16,ไก่เนื้อ,ประเทศ,,36.17,36170.0,ปศุสัตว์,ไก่เนื้อ
2019-08-16,ไข่ไก่,ประเทศ,283.2,2.2656,2265.6,ปศุสัตว์,ไข่ไก่
2019-08-16,กุ้ง,ประเทศ,,144.9,144900.0,ประมง,กุ้ง
2019-08-16,ทุเรียน,ประเทศ,,66.48,66480.0,ไม้ผล,ทุเรียน
2019-08-16,มังคุด,ประเทศ,,10.21,10210.0,ไม้ผล,มังคุด
2019-08-16,เงาะ,ประเทศ,,19.11,19110.0,ไม้ผล,เงาะ
2019-08-16,ลองกอง,ประเทศ,,35.0,35000.0,ไม้ผล,ลองกอง
2019-08-23,ข้าวหอมมะลิ,ประเทศ,,16.23811,16238.11,พืชไร่,ข้าว
2019-08-23,ข้าวปทุมธานี,ประเทศ,,10.02568,10025.68,พืชไร่,ข้าว
2019-08-23,ข้าวเจ้าอื่น,ประเทศ,,7.95284,7952.84,พืชไร่,ข้าว
2019-08-23,ข้าวเหนียว,ประเทศ,,13.53333,13533.33,พืชไร่,ข้าว
2019-08-23,ข้าวโพดเลี้ยงสัตว์,ประเทศ,,7.24,7240.0,พืชไร่,ข้าวโพดเลี้ยงสัตว์
2019-08-23,มันสำปะหลัง,ประเทศ,,1.74,1740.0,พืชไร่,มันสำปะหลัง
2019-08-23,สับปะรดโรงงาน,ประเทศ,,6.42,6420.0,พืชไร่,สับปะรดโรงงาน
2019-08-23,ปาล์มน้ำมัน,ประเทศ,,2.6,2600.0,พืชยืนต้น,ปาล์มน้ำมัน
2019-08-23,มะพร้าว,ประเทศ,703.03,5.6242399999999995,5624.24,พืชยืนต้น,มะพร้าว
2019-08-23,ยางพารา,ประเทศ,,37.81,37810.0,พืชยืนต้น,ยางพารา
2019-08-23,ลำไย,ประเทศ,,28.27,28270.0,ไม้ผล,ลำไย
2019-08-23,สุกร,ประเทศ,,68.33,68330.0,ปศุสัตว์,สุกร
2019-08-23,ไก่เนื้อ,ประเทศ,,36.12,36120.0,ปศุสัตว์,ไก่เนื้อ
2019-08-23,ไข่ไก่,ประเทศ,287.28,2.29824,2298.24,ปศุสัตว์,ไข่ไก่
2019-08-23,กุ้ง,ประเทศ,,134.81,134810.0,ประมง,กุ้ง
2019-08-23,ทุเรียน,ประเทศ,,66.79,66790.0,ไม้ผล,ทุเรียน
2019-08-23,มังคุด,ประเทศ,,10.72,10720.0,ไม้ผล,มังคุด
2019-08-23,เงาะ,ประเทศ,,18.73,18730.0,ไม้ผล,เงาะ
2019-08-23,ลองกอง,ประเทศ,,12.28,12280.0,ไม้ผล,ลองกอง
2019-08-30,ข้าวหอมมะลิ,ประเทศ,,16.3203,16320.3,พืชไร่,ข้าว
2019-08-30,ข้าวปทุมธานี,ประเทศ,,10.26469,10264.69,พืชไร่,ข้าว
2019-08-30,ข้าวเจ้าอื่น,ประเทศ,,7.9488199999999996,7948.82,พืชไร่,ข้าว
2019-08-30,ข้าวเหนียว,ประเทศ,,13.77667,13776.67,พืชไร่,ข้าว
2019-08-30,ข้าวโพดเลี้ยงสัตว์,ประเทศ,,7.37,7370.0,พืชไร่,ข้าวโพดเลี้ยงสัตว์
2019-08-30,มันสำปะหลัง,ประเทศ,,1.75,1750.0,พืชไร่,มันสำปะหลัง
2019-08-30,สับปะรดโรงงาน,ประเทศ,,6.33,6330.0,พืชไร่,สับปะรดโรงงาน
2019-08-30,ปาล์มน้ำมัน,ประเทศ,,2.63,2630.0,พืชยืนต้น,ปาล์มน้ำมัน
2019-08-30,มะพร้าว,ประเทศ,729.09,5.83272,5832.72,พืชยืนต้น,มะพร้าว
2019-08-30,ยางพารา,ประเทศ,,38.35,38350.0,พืชยืนต้น,ยางพารา
2019-08-30,ลำไย,ประเทศ,,23.48,23480.0,ไม้ผล,ลำไย
2019-08-30,สุกร,ประเทศ,,67.36,67360.0,ปศุสัตว์,สุกร
2019-08-30,ไก่เนื้อ,ประเทศ,,36.05,36050.0,ปศุสัตว์,ไก่เนื้อ
2019-08-30,ไข่ไก่,ประเทศ,287.74,2.30192,2301.92,ปศุสัตว์,ไข่ไก่
2019-08-30,กุ้ง,ประเทศ,,136.68,136680.0,ประมง,กุ้ง
2019-08-30,ทุเรียน,ประเทศ,,85.6,85600.0,ไม้ผล,ทุเรียน
2019-08-30,มังคุด,ประเทศ,,13.9,13900.0,ไม้ผล,มังคุด
2019-08-30,เงาะ,ประเทศ,,18.67,18670.0,ไม้ผล,เงาะ
2019-08-30,ลองกอง,ประเทศ,,12.09,12090.0,ไม้ผล,ลองกอง
2019-09-06,ข้าวหอมมะลิ,ประเทศ,,16.484009999999998,16484.01,พืชไร่,ข้าว
2019-09-06,ข้าวปทุมธานี,ประเทศ,,10.36317,10363.17,พืชไร่,ข้าว
2019-09-06,ข้าวเจ้าอื่น,ประเทศ,,7.91233,7912.33,พืชไร่,ข้าว
2019-09-06,ข้าวเหนียว,ประเทศ,,13.70833,13708.33,พืชไร่,ข้าว
2019-09-06,ข้าวโพดเลี้ยงสัตว์,ประเทศ,,7.5,7500.0,พืชไร่,ข้าวโพดเลี้ยงสัตว์
2019-09-06,มันสำปะหลัง,ประเทศ,,1.72,1720.0,พืชไร่,มันสำปะหลัง
2019-09-06,สับปะรดโรงงาน,ประเทศ,,6.49,6490.0,พืชไร่,สับปะรดโรงงาน
2019-09-06,ปาล์มน้ำมัน,ประเทศ,,2.49,2490.0,พืชยืนต้น,ปาล์มน้ำมัน
2019-09-06,มะพร้าว,ประเทศ,734.13,5.87304,5873.04,พืชยืนต้น,มะพร้าว
2019-09-06,ยางพารา,ประเทศ,,38.21,38210.0,พืชยืนต้น,ยางพารา
2019-09-06,ลำไย,ประเทศ,,24.09,24090.0,ไม้ผล,ลำไย
2019-09-06,สุกร,ประเทศ,,66.96,66960.0,ปศุสัตว์,สุกร
2019-09-06,ไก่เนื้อ,ประเทศ,,36.08,36080.0,ปศุสัตว์,ไก่เนื้อ
2019-09-06,ไข่ไก่,ประเทศ,290.57,2.32456,2324.56,ปศุสัตว์,ไข่ไก่
2019-09-06,กุ้ง,ประเทศ,,131.65,131650.0,ประมง,กุ้ง
2019-09-06,ทุเรียน,ประเทศ,,79.9,79900.0,ไม้ผล,ทุเรียน
2019-09-06,มังคุด,ประเทศ,,14.42,14420.0,ไม้ผล,มังคุด
2019-09-06,เงาะ,ประเทศ,,19.28,19280.0,ไม้ผล,เงาะ
2019-09-06,ลองกอง,ประเทศ,,12.33,12330.0,ไม้ผล,ลองกอง
